Copyright 1986-2022 Xilinx, Inc. All Rights Reserved. Copyright 2022-2025 Advanced Micro Devices, Inc. All Rights Reserved.
---------------------------------------------------------------------------------------------------------------------------------------------------------------------------------------------------------------------
| Tool Version : Vivado v.2025.2 (win64) Build 6299465 Fri Nov 14 19:35:11 GMT 2025
| Date         : Tue Apr 28 12:07:05 2026
| Host         : Harry running 64-bit major release  (build 9200)
| Command      : report_timing_summary -max_paths 10 -routable_nets -report_unconstrained -file Top_timing_summary_routed.rpt -pb Top_timing_summary_routed.pb -rpx Top_timing_summary_routed.rpx -warn_on_violation
| Design       : Top
| Device       : 7a200t-fbg484
| Speed File   : -3  PRODUCTION 1.23 2018-06-13
| Design State : Routed
---------------------------------------------------------------------------------------------------------------------------------------------------------------------------------------------------------------------

Timing Summary Report

------------------------------------------------------------------------------------------------
| Timer Settings
| --------------
------------------------------------------------------------------------------------------------

  Enable Multi Corner Analysis               :  Yes
  Enable Pessimism Removal                   :  Yes
  Pessimism Removal Resolution               :  Nearest Common Node
  Enable Input Delay Default Clock           :  No
  Enable Preset / Clear Arcs                 :  No
  Disable Flight Delays                      :  No
  Ignore I/O Paths                           :  No
  Timing Early Launch at Borrowing Latches   :  No
  Borrow Time for Max Delay Exceptions       :  Yes
  Merge Timing Exceptions                    :  Yes
  Inter-SLR Compensation                     :  Conservative

  Corner  Analyze    Analyze    
  Name    Max Paths  Min Paths  
  ------  ---------  ---------  
  Slow    Yes        Yes        
  Fast    Yes        Yes        


------------------------------------------------------------------------------------------------
| Report Methodology
| ------------------
------------------------------------------------------------------------------------------------

Rule       Severity  Description                     Violations  
---------  --------  ------------------------------  ----------  
TIMING-18  Warning   Missing input or output delay   96          
TIMING-20  Warning   Non-clocked latch               9           
LATCH-1    Advisory  Existing latches in the design  1           

Note: This report is based on the most recent report_methodology run and may not be up-to-date. Run report_methodology on the current design for the latest report.



check_timing report

Table of Contents
-----------------
1. checking no_clock (45)
2. checking constant_clock (0)
3. checking pulse_width_clock (0)
4. checking unconstrained_internal_endpoints (9)
5. checking no_input_delay (18)
6. checking no_output_delay (87)
7. checking multiple_clock (0)
8. checking generated_clocks (0)
9. checking loops (0)
10. checking partial_input_delay (0)
11. checking partial_output_delay (0)
12. checking latch_loops (0)

1. checking no_clock (45)
-------------------------
 There are 9 register/latch pins with no clock driven by root clock pin: inst[15] (HIGH)

 There are 9 register/latch pins with no clock driven by root clock pin: inst[16] (HIGH)

 There are 9 register/latch pins with no clock driven by root clock pin: inst[17] (HIGH)

 There are 9 register/latch pins with no clock driven by root clock pin: inst[18] (HIGH)

 There are 9 register/latch pins with no clock driven by root clock pin: inst[19] (HIGH)


2. checking constant_clock (0)
------------------------------
 There are 0 register/latch pins with constant_clock.


3. checking pulse_width_clock (0)
---------------------------------
 There are 0 register/latch pins which need pulse_width check


4. checking unconstrained_internal_endpoints (9)
------------------------------------------------
 There are 9 pins that are not constrained for maximum delay. (HIGH)

 There are 0 pins that are not constrained for maximum delay due to constant clock.


5. checking no_input_delay (18)
-------------------------------
 There are 18 input ports with no input delay specified. (HIGH)

 There are 0 input ports with no input delay but user has a false path constraint.


6. checking no_output_delay (87)
--------------------------------
 There are 87 ports with no output delay specified. (HIGH)

 There are 0 ports with no output delay but user has a false path constraint

 There are 0 ports with no output delay but with a timing clock defined on it or propagating through it


7. checking multiple_clock (0)
------------------------------
 There are 0 register/latch pins with multiple clocks.


8. checking generated_clocks (0)
--------------------------------
 There are 0 generated clocks that are not connected to a clock source.


9. checking loops (0)
---------------------
 There are 0 combinational loops in the design.


10. checking partial_input_delay (0)
------------------------------------
 There are 0 input ports with partial input delay specified.


11. checking partial_output_delay (0)
-------------------------------------
 There are 0 ports with partial output delay specified.


12. checking latch_loops (0)
----------------------------
 There are 0 combinational latch loops in the design through latch input



------------------------------------------------------------------------------------------------
| Design Timing Summary
| ---------------------
------------------------------------------------------------------------------------------------

    WNS(ns)      TNS(ns)  TNS Failing Endpoints  TNS Total Endpoints      WHS(ns)      THS(ns)  THS Failing Endpoints  THS Total Endpoints     WPWS(ns)     TPWS(ns)  TPWS Failing Endpoints  TPWS Total Endpoints  
    -------      -------  ---------------------  -------------------      -------      -------  ---------------------  -------------------     --------     --------  ----------------------  --------------------  
      6.383        0.000                      0                17325        0.050        0.000                      0                17325        4.230        0.000                       0                 11922  


All user specified timing constraints are met.


------------------------------------------------------------------------------------------------
| Clock Summary
| -------------
------------------------------------------------------------------------------------------------

Clock    Waveform(ns)       Period(ns)      Frequency(MHz)
-----    ------------       ----------      --------------
sys_clk  {0.000 5.000}      10.000          100.000         


------------------------------------------------------------------------------------------------
| Intra Clock Table
| -----------------
------------------------------------------------------------------------------------------------

Clock             WNS(ns)      TNS(ns)  TNS Failing Endpoints  TNS Total Endpoints      WHS(ns)      THS(ns)  THS Failing Endpoints  THS Total Endpoints     WPWS(ns)     TPWS(ns)  TPWS Failing Endpoints  TPWS Total Endpoints  
-----             -------      -------  ---------------------  -------------------      -------      -------  ---------------------  -------------------     --------     --------  ----------------------  --------------------  
sys_clk             6.383        0.000                      0                17325        0.050        0.000                      0                17325        4.230        0.000                       0                 11922  


------------------------------------------------------------------------------------------------
| Inter Clock Table
| -----------------
------------------------------------------------------------------------------------------------

From Clock    To Clock          WNS(ns)      TNS(ns)  TNS Failing Endpoints  TNS Total Endpoints      WHS(ns)      THS(ns)  THS Failing Endpoints  THS Total Endpoints  
----------    --------          -------      -------  ---------------------  -------------------      -------      -------  ---------------------  -------------------  


------------------------------------------------------------------------------------------------
| Other Path Groups Table
| -----------------------
------------------------------------------------------------------------------------------------

Path Group    From Clock    To Clock          WNS(ns)      TNS(ns)  TNS Failing Endpoints  TNS Total Endpoints      WHS(ns)      THS(ns)  THS Failing Endpoints  THS Total Endpoints  
----------    ----------    --------          -------      -------  ---------------------  -------------------      -------      -------  ---------------------  -------------------  


------------------------------------------------------------------------------------------------
| User Ignored Path Table
| -----------------------
------------------------------------------------------------------------------------------------

Path Group    From Clock    To Clock    
----------    ----------    --------    


------------------------------------------------------------------------------------------------
| Unconstrained Path Table
| ------------------------
------------------------------------------------------------------------------------------------

Path Group    From Clock    To Clock    
----------    ----------    --------    
(none)                                    
(none)        sys_clk                     
(none)                      sys_clk       


------------------------------------------------------------------------------------------------
| Timing Details
| --------------
------------------------------------------------------------------------------------------------


---------------------------------------------------------------------------------------------------
From Clock:  sys_clk
  To Clock:  sys_clk

Setup :            0  Failing Endpoints,  Worst Slack        6.383ns,  Total Violation        0.000ns
Hold  :            0  Failing Endpoints,  Worst Slack        0.050ns,  Total Violation        0.000ns
PW    :            0  Failing Endpoints,  Worst Slack        4.230ns,  Total Violation        0.000ns
---------------------------------------------------------------------------------------------------


Max Delay Paths
--------------------------------------------------------------------------------------
Slack (MET) :             6.383ns  (required time - arrival time)
  Source:                 Top/RKMod1/fpu_fused/<hidden>/<hidden>/<hidden>/<hidden>/<hidden>/<hidden>/<hidden>/<hidden>
                            (rising edge-triggered cell FDRE clocked by sys_clk  {rise@0.000ns fall@5.000ns period=10.000ns})
  Destination:            Top/RKMod1/fpu_fused/<hidden>/<hidden>/<hidden>/<hidden>/<hidden>/<hidden>/<hidden>/<hidden>/<hidden>/<hidden>/<hidden>
                            (rising edge-triggered cell FDRE clocked by sys_clk  {rise@0.000ns fall@5.000ns period=10.000ns})
  Path Group:             sys_clk
  Path Type:              Setup (Max at Slow Process Corner)
  Requirement:            10.000ns  (sys_clk rise@10.000ns - sys_clk rise@0.000ns)
  Data Path Delay:        3.380ns  (logic 1.409ns (41.689%)  route 1.971ns (58.311%))
  Logic Levels:           8  (CARRY4=7 LUT5=1)
  Clock Path Skew:        -0.041ns (DCD - SCD + CPR)
    Destination Clock Delay (DCD):    3.743ns = ( 13.743 - 10.000 ) 
    Source Clock Delay      (SCD):    4.077ns
    Clock Pessimism Removal (CPR):    0.294ns
  Clock Uncertainty:      0.035ns  ((TSJ^2 + TIJ^2)^1/2 + DJ) / 2 + PE
    Total System Jitter     (TSJ):    0.071ns
    Total Input Jitter      (TIJ):    0.000ns
    Discrete Jitter          (DJ):    0.000ns
    Phase Error              (PE):    0.000ns

    Location             Delay type                Incr(ns)  Path(ns)    Netlist Resource(s)
  -------------------------------------------------------------------    -------------------
                         (clock sys_clk rise edge)    0.000     0.000 r  
    Y11                                               0.000     0.000 r  clock (IN)
                         net (fo=0)                   0.000     0.000    clock
    Y11                  IBUF (Prop_ibuf_I_O)         0.855     0.855 r  clock_IBUF_inst/O
                         net (fo=1, routed)           1.883     2.739    clock_IBUF
    BUFGCTRL_X0Y0        BUFG (Prop_bufg_I_O)         0.076     2.815 r  clock_IBUF_BUFG_inst/O
                         net (fo=11921, routed)       1.263     4.077    Top/RKMod1/fpu_fused/<hidden>/<hidden>/<hidden>/<hidden>/<hidden>/<hidden>/<hidden>/<hidden>
    SLICE_X76Y148        FDRE                                         r  Top/RKMod1/fpu_fused/<hidden>/<hidden>/<hidden>/<hidden>/<hidden>/<hidden>/<hidden>/<hidden>
  -------------------------------------------------------------------    -------------------
    SLICE_X76Y148        FDRE (Prop_fdre_C_Q)         0.393     4.470 r  Top/RKMod1/fpu_fused/<hidden>/<hidden>/<hidden>/<hidden>/<hidden>/<hidden>/<hidden>/<hidden>
                         net (fo=26, routed)          1.626     6.096    Top/RKMod1/fpu_fused/<hidden>/<hidden>/<hidden>/<hidden>/<hidden>/<hidden>/<hidden>/<hidden>
    SLICE_X77Y137        LUT5 (Prop_lut5_I3_O)        0.097     6.193 r  Top/RKMod1/fpu_fused/<hidden>/<hidden>/<hidden>/<hidden>/<hidden>/<hidden>/<hidden>/<hidden>
                         net (fo=1, routed)           0.000     6.193    Top/RKMod1/fpu_fused/<hidden>/<hidden>/<hidden>/<hidden>/<hidden>/<hidden>/<hidden>/<hidden>
    SLICE_X77Y137        CARRY4 (Prop_carry4_S[2]_CO[3])
                                                      0.301     6.494 r  Top/RKMod1/fpu_fused/<hidden>/<hidden>/<hidden>/<hidden>/<hidden>/<hidden>/<hidden>/<hidden>
                         net (fo=1, routed)           0.000     6.494    Top/RKMod1/fpu_fused/<hidden>/<hidden>/<hidden>/<hidden>/<hidden>/<hidden>/<hidden>/<hidden>/<hidden>
    SLICE_X77Y138        CARRY4 (Prop_carry4_CI_CO[3])
                                                      0.089     6.583 r  Top/RKMod1/fpu_fused/<hidden>/<hidden>/<hidden>/<hidden>/<hidden>/<hidden>/<hidden>/<hidden>/<hidden>
                         net (fo=1, routed)           0.000     6.583    Top/RKMod1/fpu_fused/<hidden>/<hidden>/<hidden>/<hidden>/<hidden>/<hidden>/<hidden>/<hidden>/<hidden>
    SLICE_X77Y139        CARRY4 (Prop_carry4_CI_CO[3])
                                                      0.089     6.672 r  Top/RKMod1/fpu_fused/<hidden>/<hidden>/<hidden>/<hidden>/<hidden>/<hidden>/<hidden>/<hidden>/<hidden>
                         net (fo=1, routed)           0.000     6.672    Top/RKMod1/fpu_fused/<hidden>/<hidden>/<hidden>/<hidden>/<hidden>/<hidden>/<hidden>/<hidden>/<hidden>
    SLICE_X77Y140        CARRY4 (Prop_carry4_CI_CO[3])
                                                      0.089     6.761 r  Top/RKMod1/fpu_fused/<hidden>/<hidden>/<hidden>/<hidden>/<hidden>/<hidden>/<hidden>/<hidden>/<hidden>
                         net (fo=1, routed)           0.000     6.761    Top/RKMod1/fpu_fused/<hidden>/<hidden>/<hidden>/<hidden>/<hidden>/<hidden>/<hidden>/<hidden>/<hidden>
    SLICE_X77Y141        CARRY4 (Prop_carry4_CI_CO[3])
                                                      0.089     6.850 r  Top/RKMod1/fpu_fused/<hidden>/<hidden>/<hidden>/<hidden>/<hidden>/<hidden>/<hidden>/<hidden>/<hidden>
                         net (fo=1, routed)           0.000     6.850    Top/RKMod1/fpu_fused/<hidden>/<hidden>/<hidden>/<hidden>/<hidden>/<hidden>/<hidden>/<hidden>/<hidden>
    SLICE_X77Y142        CARRY4 (Prop_carry4_CI_CO[3])
                                                      0.089     6.939 r  Top/RKMod1/fpu_fused/<hidden>/<hidden>/<hidden>/<hidden>/<hidden>/<hidden>/<hidden>/<hidden>/<hidden>
                         net (fo=1, routed)           0.000     6.939    Top/RKMod1/fpu_fused/<hidden>/<hidden>/<hidden>/<hidden>/<hidden>/<hidden>/<hidden>/<hidden>/<hidden>
    SLICE_X77Y143        CARRY4 (Prop_carry4_CI_CO[2])
                                                      0.173     7.112 r  Top/RKMod1/fpu_fused/<hidden>/<hidden>/<hidden>/<hidden>/<hidden>/<hidden>/<hidden>/<hidden>/<hidden>
                         net (fo=1, routed)           0.345     7.457    Top/RKMod1/fpu_fused/<hidden>/<hidden>/<hidden>/<hidden>/<hidden>/<hidden>/<hidden>/<hidden>/<hidden>/<hidden>/<hidden>
    SLICE_X75Y141        FDRE                                         r  Top/RKMod1/fpu_fused/<hidden>/<hidden>/<hidden>/<hidden>/<hidden>/<hidden>/<hidden>/<hidden>/<hidden>/<hidden>/<hidden>
  -------------------------------------------------------------------    -------------------

                         (clock sys_clk rise edge)   10.000    10.000 r  
    Y11                                               0.000    10.000 r  clock (IN)
                         net (fo=0)                   0.000    10.000    clock
    Y11                  IBUF (Prop_ibuf_I_O)         0.724    10.724 r  clock_IBUF_inst/O
                         net (fo=1, routed)           1.785    12.509    clock_IBUF
    BUFGCTRL_X0Y0        BUFG (Prop_bufg_I_O)         0.072    12.581 r  clock_IBUF_BUFG_inst/O
                         net (fo=11921, routed)       1.162    13.743    Top/RKMod1/fpu_fused/<hidden>/<hidden>/<hidden>/<hidden>/<hidden>/<hidden>/<hidden>/<hidden>/<hidden>/<hidden>/<hidden>
    SLICE_X75Y141        FDRE                                         r  Top/RKMod1/fpu_fused/<hidden>/<hidden>/<hidden>/<hidden>/<hidden>/<hidden>/<hidden>/<hidden>/<hidden>/<hidden>/<hidden>
                         clock pessimism              0.294    14.036    
                         clock uncertainty           -0.035    14.001    
    SLICE_X75Y141        FDRE (Setup_fdre_C_D)       -0.161    13.840    Top/RKMod1/fpu_fused/<hidden>/<hidden>/<hidden>/<hidden>/<hidden>/<hidden>/<hidden>/<hidden>/<hidden>/<hidden>/<hidden>
  -------------------------------------------------------------------
                         required time                         13.840    
                         arrival time                          -7.457    
  -------------------------------------------------------------------
                         slack                                  6.383    

Slack (MET) :             6.477ns  (required time - arrival time)
  Source:                 Top/RKMod1/k_block/fpu_fused__3/<hidden>/<hidden>/<hidden>/<hidden>/<hidden>/<hidden>/<hidden>/<hidden>/<hidden>/<hidden>
                            (rising edge-triggered cell FDRE clocked by sys_clk  {rise@0.000ns fall@5.000ns period=10.000ns})
  Destination:            Top/RKMod1/k_block/fpu_fused__3/<hidden>/<hidden>/<hidden>/<hidden>/<hidden>/<hidden>/<hidden>/<hidden>/<hidden>
                            (rising edge-triggered cell FDRE clocked by sys_clk  {rise@0.000ns fall@5.000ns period=10.000ns})
  Path Group:             sys_clk
  Path Type:              Setup (Max at Slow Process Corner)
  Requirement:            10.000ns  (sys_clk rise@10.000ns - sys_clk rise@0.000ns)
  Data Path Delay:        3.478ns  (logic 0.733ns (21.075%)  route 2.745ns (78.925%))
  Logic Levels:           2  (LUT3=1 LUT6=1)
  Clock Path Skew:        -0.042ns (DCD - SCD + CPR)
    Destination Clock Delay (DCD):    3.757ns = ( 13.757 - 10.000 ) 
    Source Clock Delay      (SCD):    4.092ns
    Clock Pessimism Removal (CPR):    0.294ns
  Clock Uncertainty:      0.035ns  ((TSJ^2 + TIJ^2)^1/2 + DJ) / 2 + PE
    Total System Jitter     (TSJ):    0.071ns
    Total Input Jitter      (TIJ):    0.000ns
    Discrete Jitter          (DJ):    0.000ns
    Phase Error              (PE):    0.000ns

    Location             Delay type                Incr(ns)  Path(ns)    Netlist Resource(s)
  -------------------------------------------------------------------    -------------------
                         (clock sys_clk rise edge)    0.000     0.000 r  
    Y11                                               0.000     0.000 r  clock (IN)
                         net (fo=0)                   0.000     0.000    clock
    Y11                  IBUF (Prop_ibuf_I_O)         0.855     0.855 r  clock_IBUF_inst/O
                         net (fo=1, routed)           1.883     2.739    clock_IBUF
    BUFGCTRL_X0Y0        BUFG (Prop_bufg_I_O)         0.076     2.815 r  clock_IBUF_BUFG_inst/O
                         net (fo=11921, routed)       1.278     4.092    Top/RKMod1/k_block/fpu_fused__3/<hidden>/<hidden>/<hidden>/<hidden>/<hidden>/<hidden>/<hidden>/<hidden>/<hidden>/<hidden>
    SLICE_X46Y143        FDRE                                         r  Top/RKMod1/k_block/fpu_fused__3/<hidden>/<hidden>/<hidden>/<hidden>/<hidden>/<hidden>/<hidden>/<hidden>/<hidden>/<hidden>
  -------------------------------------------------------------------    -------------------
    SLICE_X46Y143        FDRE (Prop_fdre_C_Q)         0.393     4.485 r  Top/RKMod1/k_block/fpu_fused__3/<hidden>/<hidden>/<hidden>/<hidden>/<hidden>/<hidden>/<hidden>/<hidden>/<hidden>/<hidden>
                         net (fo=7, routed)           1.468     5.953    Top/RKMod1/k_block/fpu_fused__3/<hidden>/<hidden>/<hidden>/<hidden>/<hidden>
    SLICE_X39Y144        LUT3 (Prop_lut3_I0_O)        0.101     6.054 r  Top/RKMod1/k_block/fpu_fused__3/<hidden>/<hidden>/<hidden>/<hidden>/<hidden>
                         net (fo=39, routed)          1.277     7.331    Top/RKMod1/k_block/fpu_fused__3/<hidden>/<hidden>/<hidden>/<hidden>/<hidden>
    SLICE_X43Y149        LUT6 (Prop_lut6_I2_O)        0.239     7.570 r  Top/RKMod1/k_block/fpu_fused__3/<hidden>/<hidden>/<hidden>/<hidden>/<hidden>
                         net (fo=1, routed)           0.000     7.570    Top/RKMod1/k_block/fpu_fused__3/<hidden>/<hidden>/<hidden>/<hidden>/<hidden>/<hidden>/<hidden>/<hidden>/<hidden>
    SLICE_X43Y149        FDRE                                         r  Top/RKMod1/k_block/fpu_fused__3/<hidden>/<hidden>/<hidden>/<hidden>/<hidden>/<hidden>/<hidden>/<hidden>/<hidden>
  -------------------------------------------------------------------    -------------------

                         (clock sys_clk rise edge)   10.000    10.000 r  
    Y11                                               0.000    10.000 r  clock (IN)
                         net (fo=0)                   0.000    10.000    clock
    Y11                  IBUF (Prop_ibuf_I_O)         0.724    10.724 r  clock_IBUF_inst/O
                         net (fo=1, routed)           1.785    12.509    clock_IBUF
    BUFGCTRL_X0Y0        BUFG (Prop_bufg_I_O)         0.072    12.581 r  clock_IBUF_BUFG_inst/O
                         net (fo=11921, routed)       1.176    13.757    Top/RKMod1/k_block/fpu_fused__3/<hidden>/<hidden>/<hidden>/<hidden>/<hidden>/<hidden>/<hidden>/<hidden>/<hidden>
    SLICE_X43Y149        FDRE                                         r  Top/RKMod1/k_block/fpu_fused__3/<hidden>/<hidden>/<hidden>/<hidden>/<hidden>/<hidden>/<hidden>/<hidden>/<hidden>
                         clock pessimism              0.294    14.050    
                         clock uncertainty           -0.035    14.015    
    SLICE_X43Y149        FDRE (Setup_fdre_C_D)        0.032    14.047    Top/RKMod1/k_block/fpu_fused__3/<hidden>/<hidden>/<hidden>/<hidden>/<hidden>/<hidden>/<hidden>/<hidden>/<hidden>
  -------------------------------------------------------------------
                         required time                         14.047    
                         arrival time                          -7.570    
  -------------------------------------------------------------------
                         slack                                  6.477    

Slack (MET) :             6.511ns  (required time - arrival time)
  Source:                 Top/RKMod1/k_block/fpu_fused__2/<hidden>/<hidden>/<hidden>/<hidden>/<hidden>/<hidden>/<hidden>/<hidden>
                            (rising edge-triggered cell FDRE clocked by sys_clk  {rise@0.000ns fall@5.000ns period=10.000ns})
  Destination:            Top/RKMod1/k_block/fpu_fused__2/<hidden>/<hidden>/<hidden>/<hidden>/<hidden>/<hidden>/<hidden>/<hidden>/<hidden>/<hidden>/<hidden>
                            (rising edge-triggered cell FDRE clocked by sys_clk  {rise@0.000ns fall@5.000ns period=10.000ns})
  Path Group:             sys_clk
  Path Type:              Setup (Max at Slow Process Corner)
  Requirement:            10.000ns  (sys_clk rise@10.000ns - sys_clk rise@0.000ns)
  Data Path Delay:        3.261ns  (logic 1.434ns (43.970%)  route 1.827ns (56.030%))
  Logic Levels:           7  (CARRY4=6 LUT6=1)
  Clock Path Skew:        -0.028ns (DCD - SCD + CPR)
    Destination Clock Delay (DCD):    3.743ns = ( 13.743 - 10.000 ) 
    Source Clock Delay      (SCD):    4.064ns
    Clock Pessimism Removal (CPR):    0.294ns
  Clock Uncertainty:      0.035ns  ((TSJ^2 + TIJ^2)^1/2 + DJ) / 2 + PE
    Total System Jitter     (TSJ):    0.071ns
    Total Input Jitter      (TIJ):    0.000ns
    Discrete Jitter          (DJ):    0.000ns
    Phase Error              (PE):    0.000ns

    Location             Delay type                Incr(ns)  Path(ns)    Netlist Resource(s)
  -------------------------------------------------------------------    -------------------
                         (clock sys_clk rise edge)    0.000     0.000 r  
    Y11                                               0.000     0.000 r  clock (IN)
                         net (fo=0)                   0.000     0.000    clock
    Y11                  IBUF (Prop_ibuf_I_O)         0.855     0.855 r  clock_IBUF_inst/O
                         net (fo=1, routed)           1.883     2.739    clock_IBUF
    BUFGCTRL_X0Y0        BUFG (Prop_bufg_I_O)         0.076     2.815 r  clock_IBUF_BUFG_inst/O
                         net (fo=11921, routed)       1.250     4.064    Top/RKMod1/k_block/fpu_fused__2/<hidden>/<hidden>/<hidden>/<hidden>/<hidden>/<hidden>/<hidden>/<hidden>
    SLICE_X76Y120        FDRE                                         r  Top/RKMod1/k_block/fpu_fused__2/<hidden>/<hidden>/<hidden>/<hidden>/<hidden>/<hidden>/<hidden>/<hidden>
  -------------------------------------------------------------------    -------------------
    SLICE_X76Y120        FDRE (Prop_fdre_C_Q)         0.393     4.457 r  Top/RKMod1/k_block/fpu_fused__2/<hidden>/<hidden>/<hidden>/<hidden>/<hidden>/<hidden>/<hidden>/<hidden>
                         net (fo=26, routed)          1.248     5.705    Top/RKMod1/k_block/fpu_fused__2/<hidden>/<hidden>/<hidden>/<hidden>/<hidden>/<hidden>/<hidden>/<hidden>
    SLICE_X76Y114        LUT6 (Prop_lut6_I2_O)        0.097     5.802 r  Top/RKMod1/k_block/fpu_fused__2/<hidden>/<hidden>/<hidden>/<hidden>/<hidden>/<hidden>/<hidden>/<hidden>
                         net (fo=1, routed)           0.000     5.802    Top/RKMod1/k_block/fpu_fused__2/<hidden>/<hidden>/<hidden>/<hidden>/<hidden>/<hidden>/<hidden>/<hidden>/<hidden>
    SLICE_X76Y114        CARRY4 (Prop_carry4_S[1]_CO[3])
                                                      0.402     6.204 r  Top/RKMod1/k_block/fpu_fused__2/<hidden>/<hidden>/<hidden>/<hidden>/<hidden>/<hidden>/<hidden>/<hidden>/<hidden>
                         net (fo=1, routed)           0.000     6.204    Top/RKMod1/k_block/fpu_fused__2/<hidden>/<hidden>/<hidden>/<hidden>/<hidden>/<hidden>/<hidden>/<hidden>/<hidden>
    SLICE_X76Y115        CARRY4 (Prop_carry4_CI_CO[3])
                                                      0.092     6.296 r  Top/RKMod1/k_block/fpu_fused__2/<hidden>/<hidden>/<hidden>/<hidden>/<hidden>/<hidden>/<hidden>/<hidden>/<hidden>
                         net (fo=1, routed)           0.000     6.296    Top/RKMod1/k_block/fpu_fused__2/<hidden>/<hidden>/<hidden>/<hidden>/<hidden>/<hidden>/<hidden>/<hidden>/<hidden>
    SLICE_X76Y116        CARRY4 (Prop_carry4_CI_CO[3])
                                                      0.092     6.388 r  Top/RKMod1/k_block/fpu_fused__2/<hidden>/<hidden>/<hidden>/<hidden>/<hidden>/<hidden>/<hidden>/<hidden>/<hidden>
                         net (fo=1, routed)           0.000     6.388    Top/RKMod1/k_block/fpu_fused__2/<hidden>/<hidden>/<hidden>/<hidden>/<hidden>/<hidden>/<hidden>/<hidden>/<hidden>
    SLICE_X76Y117        CARRY4 (Prop_carry4_CI_CO[3])
                                                      0.092     6.480 r  Top/RKMod1/k_block/fpu_fused__2/<hidden>/<hidden>/<hidden>/<hidden>/<hidden>/<hidden>/<hidden>/<hidden>/<hidden>
                         net (fo=1, routed)           0.000     6.480    Top/RKMod1/k_block/fpu_fused__2/<hidden>/<hidden>/<hidden>/<hidden>/<hidden>/<hidden>/<hidden>/<hidden>/<hidden>
    SLICE_X76Y118        CARRY4 (Prop_carry4_CI_CO[3])
                                                      0.092     6.572 r  Top/RKMod1/k_block/fpu_fused__2/<hidden>/<hidden>/<hidden>/<hidden>/<hidden>/<hidden>/<hidden>/<hidden>/<hidden>
                         net (fo=1, routed)           0.000     6.572    Top/RKMod1/k_block/fpu_fused__2/<hidden>/<hidden>/<hidden>/<hidden>/<hidden>/<hidden>/<hidden>/<hidden>/<hidden>
    SLICE_X76Y119        CARRY4 (Prop_carry4_CI_CO[2])
                                                      0.174     6.746 r  Top/RKMod1/k_block/fpu_fused__2/<hidden>/<hidden>/<hidden>/<hidden>/<hidden>/<hidden>/<hidden>/<hidden>/<hidden>
                         net (fo=1, routed)           0.579     7.325    Top/RKMod1/k_block/fpu_fused__2/<hidden>/<hidden>/<hidden>/<hidden>/<hidden>/<hidden>/<hidden>/<hidden>/<hidden>/<hidden>/<hidden>
    SLICE_X69Y116        FDRE                                         r  Top/RKMod1/k_block/fpu_fused__2/<hidden>/<hidden>/<hidden>/<hidden>/<hidden>/<hidden>/<hidden>/<hidden>/<hidden>/<hidden>/<hidden>
  -------------------------------------------------------------------    -------------------

                         (clock sys_clk rise edge)   10.000    10.000 r  
    Y11                                               0.000    10.000 r  clock (IN)
                         net (fo=0)                   0.000    10.000    clock
    Y11                  IBUF (Prop_ibuf_I_O)         0.724    10.724 r  clock_IBUF_inst/O
                         net (fo=1, routed)           1.785    12.509    clock_IBUF
    BUFGCTRL_X0Y0        BUFG (Prop_bufg_I_O)         0.072    12.581 r  clock_IBUF_BUFG_inst/O
                         net (fo=11921, routed)       1.162    13.743    Top/RKMod1/k_block/fpu_fused__2/<hidden>/<hidden>/<hidden>/<hidden>/<hidden>/<hidden>/<hidden>/<hidden>/<hidden>/<hidden>/<hidden>
    SLICE_X69Y116        FDRE                                         r  Top/RKMod1/k_block/fpu_fused__2/<hidden>/<hidden>/<hidden>/<hidden>/<hidden>/<hidden>/<hidden>/<hidden>/<hidden>/<hidden>/<hidden>
                         clock pessimism              0.294    14.036    
                         clock uncertainty           -0.035    14.001    
    SLICE_X69Y116        FDRE (Setup_fdre_C_D)       -0.164    13.837    Top/RKMod1/k_block/fpu_fused__2/<hidden>/<hidden>/<hidden>/<hidden>/<hidden>/<hidden>/<hidden>/<hidden>/<hidden>/<hidden>/<hidden>
  -------------------------------------------------------------------
                         required time                         13.837    
                         arrival time                          -7.325    
  -------------------------------------------------------------------
                         slack                                  6.511    

Slack (MET) :             6.514ns  (required time - arrival time)
  Source:                 Top/RKMod1/k_block/fpu_fused__1/<hidden>/<hidden>/<hidden>/<hidden>/<hidden>/<hidden>/<hidden>/<hidden>
                            (rising edge-triggered cell FDRE clocked by sys_clk  {rise@0.000ns fall@5.000ns period=10.000ns})
  Destination:            Top/RKMod1/k_block/fpu_fused__1/<hidden>/<hidden>/<hidden>/<hidden>/<hidden>/<hidden>/<hidden>/<hidden>/<hidden>/<hidden>/<hidden>
                            (rising edge-triggered cell FDRE clocked by sys_clk  {rise@0.000ns fall@5.000ns period=10.000ns})
  Path Group:             sys_clk
  Path Type:              Setup (Max at Slow Process Corner)
  Requirement:            10.000ns  (sys_clk rise@10.000ns - sys_clk rise@0.000ns)
  Data Path Delay:        3.254ns  (logic 1.487ns (45.696%)  route 1.767ns (54.304%))
  Logic Levels:           7  (CARRY4=6 LUT6=1)
  Clock Path Skew:        -0.039ns (DCD - SCD + CPR)
    Destination Clock Delay (DCD):    3.754ns = ( 13.754 - 10.000 ) 
    Source Clock Delay      (SCD):    4.086ns
    Clock Pessimism Removal (CPR):    0.294ns
  Clock Uncertainty:      0.035ns  ((TSJ^2 + TIJ^2)^1/2 + DJ) / 2 + PE
    Total System Jitter     (TSJ):    0.071ns
    Total Input Jitter      (TIJ):    0.000ns
    Discrete Jitter          (DJ):    0.000ns
    Phase Error              (PE):    0.000ns

    Location             Delay type                Incr(ns)  Path(ns)    Netlist Resource(s)
  -------------------------------------------------------------------    -------------------
                         (clock sys_clk rise edge)    0.000     0.000 r  
    Y11                                               0.000     0.000 r  clock (IN)
                         net (fo=0)                   0.000     0.000    clock
    Y11                  IBUF (Prop_ibuf_I_O)         0.855     0.855 r  clock_IBUF_inst/O
                         net (fo=1, routed)           1.883     2.739    clock_IBUF
    BUFGCTRL_X0Y0        BUFG (Prop_bufg_I_O)         0.076     2.815 r  clock_IBUF_BUFG_inst/O
                         net (fo=11921, routed)       1.271     4.086    Top/RKMod1/k_block/fpu_fused__1/<hidden>/<hidden>/<hidden>/<hidden>/<hidden>/<hidden>/<hidden>/<hidden>
    SLICE_X52Y114        FDRE                                         r  Top/RKMod1/k_block/fpu_fused__1/<hidden>/<hidden>/<hidden>/<hidden>/<hidden>/<hidden>/<hidden>/<hidden>
  -------------------------------------------------------------------    -------------------
    SLICE_X52Y114        FDRE (Prop_fdre_C_Q)         0.361     4.447 r  Top/RKMod1/k_block/fpu_fused__1/<hidden>/<hidden>/<hidden>/<hidden>/<hidden>/<hidden>/<hidden>/<hidden>
                         net (fo=27, routed)          1.412     5.859    Top/RKMod1/k_block/fpu_fused__1/<hidden>/<hidden>/<hidden>/<hidden>/<hidden>/<hidden>/<hidden>/<hidden>
    SLICE_X49Y105        LUT6 (Prop_lut6_I5_O)        0.202     6.061 r  Top/RKMod1/k_block/fpu_fused__1/<hidden>/<hidden>/<hidden>/<hidden>/<hidden>/<hidden>/<hidden>/<hidden>
                         net (fo=1, routed)           0.000     6.061    Top/RKMod1/k_block/fpu_fused__1/<hidden>/<hidden>/<hidden>/<hidden>/<hidden>/<hidden>/<hidden>/<hidden>/<hidden>
    SLICE_X49Y105        CARRY4 (Prop_carry4_S[0]_CO[3])
                                                      0.395     6.456 r  Top/RKMod1/k_block/fpu_fused__1/<hidden>/<hidden>/<hidden>/<hidden>/<hidden>/<hidden>/<hidden>/<hidden>/<hidden>
                         net (fo=1, routed)           0.000     6.456    Top/RKMod1/k_block/fpu_fused__1/<hidden>/<hidden>/<hidden>/<hidden>/<hidden>/<hidden>/<hidden>/<hidden>/<hidden>
    SLICE_X49Y106        CARRY4 (Prop_carry4_CI_CO[3])
                                                      0.089     6.545 r  Top/RKMod1/k_block/fpu_fused__1/<hidden>/<hidden>/<hidden>/<hidden>/<hidden>/<hidden>/<hidden>/<hidden>/<hidden>
                         net (fo=1, routed)           0.000     6.545    Top/RKMod1/k_block/fpu_fused__1/<hidden>/<hidden>/<hidden>/<hidden>/<hidden>/<hidden>/<hidden>/<hidden>/<hidden>
    SLICE_X49Y107        CARRY4 (Prop_carry4_CI_CO[3])
                                                      0.089     6.634 r  Top/RKMod1/k_block/fpu_fused__1/<hidden>/<hidden>/<hidden>/<hidden>/<hidden>/<hidden>/<hidden>/<hidden>/<hidden>
                         net (fo=1, routed)           0.000     6.634    Top/RKMod1/k_block/fpu_fused__1/<hidden>/<hidden>/<hidden>/<hidden>/<hidden>/<hidden>/<hidden>/<hidden>/<hidden>
    SLICE_X49Y108        CARRY4 (Prop_carry4_CI_CO[3])
                                                      0.089     6.723 r  Top/RKMod1/k_block/fpu_fused__1/<hidden>/<hidden>/<hidden>/<hidden>/<hidden>/<hidden>/<hidden>/<hidden>/<hidden>
                         net (fo=1, routed)           0.000     6.723    Top/RKMod1/k_block/fpu_fused__1/<hidden>/<hidden>/<hidden>/<hidden>/<hidden>/<hidden>/<hidden>/<hidden>/<hidden>
    SLICE_X49Y109        CARRY4 (Prop_carry4_CI_CO[3])
                                                      0.089     6.812 r  Top/RKMod1/k_block/fpu_fused__1/<hidden>/<hidden>/<hidden>/<hidden>/<hidden>/<hidden>/<hidden>/<hidden>/<hidden>
                         net (fo=1, routed)           0.000     6.812    Top/RKMod1/k_block/fpu_fused__1/<hidden>/<hidden>/<hidden>/<hidden>/<hidden>/<hidden>/<hidden>/<hidden>/<hidden>
    SLICE_X49Y110        CARRY4 (Prop_carry4_CI_CO[2])
                                                      0.173     6.985 r  Top/RKMod1/k_block/fpu_fused__1/<hidden>/<hidden>/<hidden>/<hidden>/<hidden>/<hidden>/<hidden>/<hidden>/<hidden>
                         net (fo=1, routed)           0.355     7.340    Top/RKMod1/k_block/fpu_fused__1/<hidden>/<hidden>/<hidden>/<hidden>/<hidden>/<hidden>/<hidden>/<hidden>/<hidden>/<hidden>/<hidden>
    SLICE_X55Y110        FDRE                                         r  Top/RKMod1/k_block/fpu_fused__1/<hidden>/<hidden>/<hidden>/<hidden>/<hidden>/<hidden>/<hidden>/<hidden>/<hidden>/<hidden>/<hidden>
  -------------------------------------------------------------------    -------------------

                         (clock sys_clk rise edge)   10.000    10.000 r  
    Y11                                               0.000    10.000 r  clock (IN)
                         net (fo=0)                   0.000    10.000    clock
    Y11                  IBUF (Prop_ibuf_I_O)         0.724    10.724 r  clock_IBUF_inst/O
                         net (fo=1, routed)           1.785    12.509    clock_IBUF
    BUFGCTRL_X0Y0        BUFG (Prop_bufg_I_O)         0.072    12.581 r  clock_IBUF_BUFG_inst/O
                         net (fo=11921, routed)       1.173    13.754    Top/RKMod1/k_block/fpu_fused__1/<hidden>/<hidden>/<hidden>/<hidden>/<hidden>/<hidden>/<hidden>/<hidden>/<hidden>/<hidden>/<hidden>
    SLICE_X55Y110        FDRE                                         r  Top/RKMod1/k_block/fpu_fused__1/<hidden>/<hidden>/<hidden>/<hidden>/<hidden>/<hidden>/<hidden>/<hidden>/<hidden>/<hidden>/<hidden>
                         clock pessimism              0.294    14.047    
                         clock uncertainty           -0.035    14.012    
    SLICE_X55Y110        FDRE (Setup_fdre_C_D)       -0.158    13.854    Top/RKMod1/k_block/fpu_fused__1/<hidden>/<hidden>/<hidden>/<hidden>/<hidden>/<hidden>/<hidden>/<hidden>/<hidden>/<hidden>/<hidden>
  -------------------------------------------------------------------
                         required time                         13.854    
                         arrival time                          -7.340    
  -------------------------------------------------------------------
                         slack                                  6.514    

Slack (MET) :             6.556ns  (required time - arrival time)
  Source:                 Top/RKMod1/k_block/fpu_fused__1/<hidden>/<hidden>/<hidden>/<hidden>/<hidden>/<hidden>/<hidden>
                            (rising edge-triggered cell FDRE clocked by sys_clk  {rise@0.000ns fall@5.000ns period=10.000ns})
  Destination:            Top/RKMod1/k_block/fpu_fused__1/<hidden>/<hidden>/<hidden>/<hidden>/<hidden>/<hidden>/<hidden>/<hidden>
                            (rising edge-triggered cell FDRE clocked by sys_clk  {rise@0.000ns fall@5.000ns period=10.000ns})
  Path Group:             sys_clk
  Path Type:              Setup (Max at Slow Process Corner)
  Requirement:            10.000ns  (sys_clk rise@10.000ns - sys_clk rise@0.000ns)
  Data Path Delay:        3.408ns  (logic 0.748ns (21.948%)  route 2.660ns (78.052%))
  Logic Levels:           2  (LUT3=1 LUT6=1)
  Clock Path Skew:        -0.033ns (DCD - SCD + CPR)
    Destination Clock Delay (DCD):    3.760ns = ( 13.760 - 10.000 ) 
    Source Clock Delay      (SCD):    4.086ns
    Clock Pessimism Removal (CPR):    0.294ns
  Clock Uncertainty:      0.035ns  ((TSJ^2 + TIJ^2)^1/2 + DJ) / 2 + PE
    Total System Jitter     (TSJ):    0.071ns
    Total Input Jitter      (TIJ):    0.000ns
    Discrete Jitter          (DJ):    0.000ns
    Phase Error              (PE):    0.000ns

    Location             Delay type                Incr(ns)  Path(ns)    Netlist Resource(s)
  -------------------------------------------------------------------    -------------------
                         (clock sys_clk rise edge)    0.000     0.000 r  
    Y11                                               0.000     0.000 r  clock (IN)
                         net (fo=0)                   0.000     0.000    clock
    Y11                  IBUF (Prop_ibuf_I_O)         0.855     0.855 r  clock_IBUF_inst/O
                         net (fo=1, routed)           1.883     2.739    clock_IBUF
    BUFGCTRL_X0Y0        BUFG (Prop_bufg_I_O)         0.076     2.815 r  clock_IBUF_BUFG_inst/O
                         net (fo=11921, routed)       1.271     4.086    Top/RKMod1/k_block/fpu_fused__1/<hidden>/<hidden>/<hidden>/<hidden>/<hidden>/<hidden>/<hidden>
    SLICE_X46Y114        FDRE                                         r  Top/RKMod1/k_block/fpu_fused__1/<hidden>/<hidden>/<hidden>/<hidden>/<hidden>/<hidden>/<hidden>
  -------------------------------------------------------------------    -------------------
    SLICE_X46Y114        FDRE (Prop_fdre_C_Q)         0.393     4.479 r  Top/RKMod1/k_block/fpu_fused__1/<hidden>/<hidden>/<hidden>/<hidden>/<hidden>/<hidden>/<hidden>
                         net (fo=120, routed)         2.073     6.552    Top/RKMod1/k_block/fpu_fused__1/<hidden>/<hidden>/<hidden>/<hidden>/<hidden>
    SLICE_X44Y105        LUT3 (Prop_lut3_I2_O)        0.102     6.654 r  Top/RKMod1/k_block/fpu_fused__1/<hidden>/<hidden>/<hidden>/<hidden>/<hidden>
                         net (fo=1, routed)           0.587     7.241    Top/RKMod1/k_block/fpu_fused__1/<hidden>/<hidden>/<hidden>/<hidden>/<hidden>
    SLICE_X45Y106        LUT6 (Prop_lut6_I5_O)        0.253     7.494 r  Top/RKMod1/k_block/fpu_fused__1/<hidden>/<hidden>/<hidden>/<hidden>/<hidden>
                         net (fo=1, routed)           0.000     7.494    Top/RKMod1/k_block/fpu_fused__1/<hidden>/<hidden>/<hidden>/<hidden>/<hidden>/<hidden>/<hidden>/<hidden>
    SLICE_X45Y106        FDRE                                         r  Top/RKMod1/k_block/fpu_fused__1/<hidden>/<hidden>/<hidden>/<hidden>/<hidden>/<hidden>/<hidden>/<hidden>
  -------------------------------------------------------------------    -------------------

                         (clock sys_clk rise edge)   10.000    10.000 r  
    Y11                                               0.000    10.000 r  clock (IN)
                         net (fo=0)                   0.000    10.000    clock
    Y11                  IBUF (Prop_ibuf_I_O)         0.724    10.724 r  clock_IBUF_inst/O
                         net (fo=1, routed)           1.785    12.509    clock_IBUF
    BUFGCTRL_X0Y0        BUFG (Prop_bufg_I_O)         0.072    12.581 r  clock_IBUF_BUFG_inst/O
                         net (fo=11921, routed)       1.179    13.760    Top/RKMod1/k_block/fpu_fused__1/<hidden>/<hidden>/<hidden>/<hidden>/<hidden>/<hidden>/<hidden>/<hidden>
    SLICE_X45Y106        FDRE                                         r  Top/RKMod1/k_block/fpu_fused__1/<hidden>/<hidden>/<hidden>/<hidden>/<hidden>/<hidden>/<hidden>/<hidden>
                         clock pessimism              0.294    14.053    
                         clock uncertainty           -0.035    14.018    
    SLICE_X45Y106        FDRE (Setup_fdre_C_D)        0.032    14.050    Top/RKMod1/k_block/fpu_fused__1/<hidden>/<hidden>/<hidden>/<hidden>/<hidden>/<hidden>/<hidden>/<hidden>
  -------------------------------------------------------------------
                         required time                         14.050    
                         arrival time                          -7.494    
  -------------------------------------------------------------------
                         slack                                  6.556    

Slack (MET) :             6.573ns  (required time - arrival time)
  Source:                 Top/RKMod1/k_block/fpu_fused__3/<hidden>/<hidden>/<hidden>/<hidden>/<hidden>/<hidden>/<hidden>/<hidden>
                            (rising edge-triggered cell FDRE clocked by sys_clk  {rise@0.000ns fall@5.000ns period=10.000ns})
  Destination:            Top/RKMod1/k_block/fpu_fused__3/<hidden>/<hidden>/<hidden>/<hidden>/<hidden>/<hidden>/<hidden>/<hidden>/<hidden>/<hidden>/<hidden>
                            (rising edge-triggered cell FDRE clocked by sys_clk  {rise@0.000ns fall@5.000ns period=10.000ns})
  Path Group:             sys_clk
  Path Type:              Setup (Max at Slow Process Corner)
  Requirement:            10.000ns  (sys_clk rise@10.000ns - sys_clk rise@0.000ns)
  Data Path Delay:        3.197ns  (logic 1.356ns (42.412%)  route 1.841ns (57.588%))
  Logic Levels:           8  (CARRY4=7 LUT5=1)
  Clock Path Skew:        -0.042ns (DCD - SCD + CPR)
    Destination Clock Delay (DCD):    3.757ns = ( 13.757 - 10.000 ) 
    Source Clock Delay      (SCD):    4.092ns
    Clock Pessimism Removal (CPR):    0.294ns
  Clock Uncertainty:      0.035ns  ((TSJ^2 + TIJ^2)^1/2 + DJ) / 2 + PE
    Total System Jitter     (TSJ):    0.071ns
    Total Input Jitter      (TIJ):    0.000ns
    Discrete Jitter          (DJ):    0.000ns
    Phase Error              (PE):    0.000ns

    Location             Delay type                Incr(ns)  Path(ns)    Netlist Resource(s)
  -------------------------------------------------------------------    -------------------
                         (clock sys_clk rise edge)    0.000     0.000 r  
    Y11                                               0.000     0.000 r  clock (IN)
                         net (fo=0)                   0.000     0.000    clock
    Y11                  IBUF (Prop_ibuf_I_O)         0.855     0.855 r  clock_IBUF_inst/O
                         net (fo=1, routed)           1.883     2.739    clock_IBUF
    BUFGCTRL_X0Y0        BUFG (Prop_bufg_I_O)         0.076     2.815 r  clock_IBUF_BUFG_inst/O
                         net (fo=11921, routed)       1.278     4.092    Top/RKMod1/k_block/fpu_fused__3/<hidden>/<hidden>/<hidden>/<hidden>/<hidden>/<hidden>/<hidden>/<hidden>
    SLICE_X43Y142        FDRE                                         r  Top/RKMod1/k_block/fpu_fused__3/<hidden>/<hidden>/<hidden>/<hidden>/<hidden>/<hidden>/<hidden>/<hidden>
  -------------------------------------------------------------------    -------------------
    SLICE_X43Y142        FDRE (Prop_fdre_C_Q)         0.341     4.433 r  Top/RKMod1/k_block/fpu_fused__3/<hidden>/<hidden>/<hidden>/<hidden>/<hidden>/<hidden>/<hidden>/<hidden>
                         net (fo=26, routed)          1.521     5.954    Top/RKMod1/k_block/fpu_fused__3/<hidden>/<hidden>/<hidden>/<hidden>/<hidden>/<hidden>/<hidden>/<hidden>
    SLICE_X52Y137        LUT5 (Prop_lut5_I1_O)        0.097     6.051 r  Top/RKMod1/k_block/fpu_fused__3/<hidden>/<hidden>/<hidden>/<hidden>/<hidden>/<hidden>/<hidden>/<hidden>
                         net (fo=1, routed)           0.000     6.051    Top/RKMod1/k_block/fpu_fused__3/<hidden>/<hidden>/<hidden>/<hidden>/<hidden>/<hidden>/<hidden>/<hidden>
    SLICE_X52Y137        CARRY4 (Prop_carry4_S[3]_CO[3])
                                                      0.284     6.335 r  Top/RKMod1/k_block/fpu_fused__3/<hidden>/<hidden>/<hidden>/<hidden>/<hidden>/<hidden>/<hidden>/<hidden>
                         net (fo=1, routed)           0.000     6.335    Top/RKMod1/k_block/fpu_fused__3/<hidden>/<hidden>/<hidden>/<hidden>/<hidden>/<hidden>/<hidden>/<hidden>/<hidden>
    SLICE_X52Y138        CARRY4 (Prop_carry4_CI_CO[3])
                                                      0.092     6.427 r  Top/RKMod1/k_block/fpu_fused__3/<hidden>/<hidden>/<hidden>/<hidden>/<hidden>/<hidden>/<hidden>/<hidden>/<hidden>
                         net (fo=1, routed)           0.000     6.427    Top/RKMod1/k_block/fpu_fused__3/<hidden>/<hidden>/<hidden>/<hidden>/<hidden>/<hidden>/<hidden>/<hidden>/<hidden>
    SLICE_X52Y139        CARRY4 (Prop_carry4_CI_CO[3])
                                                      0.092     6.519 r  Top/RKMod1/k_block/fpu_fused__3/<hidden>/<hidden>/<hidden>/<hidden>/<hidden>/<hidden>/<hidden>/<hidden>/<hidden>
                         net (fo=1, routed)           0.000     6.519    Top/RKMod1/k_block/fpu_fused__3/<hidden>/<hidden>/<hidden>/<hidden>/<hidden>/<hidden>/<hidden>/<hidden>/<hidden>
    SLICE_X52Y140        CARRY4 (Prop_carry4_CI_CO[3])
                                                      0.092     6.611 r  Top/RKMod1/k_block/fpu_fused__3/<hidden>/<hidden>/<hidden>/<hidden>/<hidden>/<hidden>/<hidden>/<hidden>/<hidden>
                         net (fo=1, routed)           0.000     6.611    Top/RKMod1/k_block/fpu_fused__3/<hidden>/<hidden>/<hidden>/<hidden>/<hidden>/<hidden>/<hidden>/<hidden>/<hidden>
    SLICE_X52Y141        CARRY4 (Prop_carry4_CI_CO[3])
                                                      0.092     6.703 r  Top/RKMod1/k_block/fpu_fused__3/<hidden>/<hidden>/<hidden>/<hidden>/<hidden>/<hidden>/<hidden>/<hidden>/<hidden>
                         net (fo=1, routed)           0.000     6.703    Top/RKMod1/k_block/fpu_fused__3/<hidden>/<hidden>/<hidden>/<hidden>/<hidden>/<hidden>/<hidden>/<hidden>/<hidden>
    SLICE_X52Y142        CARRY4 (Prop_carry4_CI_CO[3])
                                                      0.092     6.795 r  Top/RKMod1/k_block/fpu_fused__3/<hidden>/<hidden>/<hidden>/<hidden>/<hidden>/<hidden>/<hidden>/<hidden>/<hidden>
                         net (fo=1, routed)           0.000     6.795    Top/RKMod1/k_block/fpu_fused__3/<hidden>/<hidden>/<hidden>/<hidden>/<hidden>/<hidden>/<hidden>/<hidden>/<hidden>
    SLICE_X52Y143        CARRY4 (Prop_carry4_CI_CO[2])
                                                      0.174     6.969 r  Top/RKMod1/k_block/fpu_fused__3/<hidden>/<hidden>/<hidden>/<hidden>/<hidden>/<hidden>/<hidden>/<hidden>/<hidden>
                         net (fo=1, routed)           0.320     7.289    Top/RKMod1/k_block/fpu_fused__3/<hidden>/<hidden>/<hidden>/<hidden>/<hidden>/<hidden>/<hidden>/<hidden>/<hidden>/<hidden>/<hidden>
    SLICE_X51Y143        FDRE                                         r  Top/RKMod1/k_block/fpu_fused__3/<hidden>/<hidden>/<hidden>/<hidden>/<hidden>/<hidden>/<hidden>/<hidden>/<hidden>/<hidden>/<hidden>
  -------------------------------------------------------------------    -------------------

                         (clock sys_clk rise edge)   10.000    10.000 r  
    Y11                                               0.000    10.000 r  clock (IN)
                         net (fo=0)                   0.000    10.000    clock
    Y11                  IBUF (Prop_ibuf_I_O)         0.724    10.724 r  clock_IBUF_inst/O
                         net (fo=1, routed)           1.785    12.509    clock_IBUF
    BUFGCTRL_X0Y0        BUFG (Prop_bufg_I_O)         0.072    12.581 r  clock_IBUF_BUFG_inst/O
                         net (fo=11921, routed)       1.176    13.757    Top/RKMod1/k_block/fpu_fused__3/<hidden>/<hidden>/<hidden>/<hidden>/<hidden>/<hidden>/<hidden>/<hidden>/<hidden>/<hidden>/<hidden>
    SLICE_X51Y143        FDRE                                         r  Top/RKMod1/k_block/fpu_fused__3/<hidden>/<hidden>/<hidden>/<hidden>/<hidden>/<hidden>/<hidden>/<hidden>/<hidden>/<hidden>/<hidden>
                         clock pessimism              0.294    14.050    
                         clock uncertainty           -0.035    14.015    
    SLICE_X51Y143        FDRE (Setup_fdre_C_D)       -0.152    13.863    Top/RKMod1/k_block/fpu_fused__3/<hidden>/<hidden>/<hidden>/<hidden>/<hidden>/<hidden>/<hidden>/<hidden>/<hidden>/<hidden>/<hidden>
  -------------------------------------------------------------------
                         required time                         13.863    
                         arrival time                          -7.289    
  -------------------------------------------------------------------
                         slack                                  6.573    

Slack (MET) :             6.603ns  (required time - arrival time)
  Source:                 Top/RKMod1/k_block/fpu_fused__3/<hidden>/<hidden>/<hidden>/<hidden>/<hidden>/<hidden>/<hidden>/<hidden>/<hidden>/<hidden>
                            (rising edge-triggered cell FDRE clocked by sys_clk  {rise@0.000ns fall@5.000ns period=10.000ns})
  Destination:            Top/RKMod1/k_block/fpu_fused__3/<hidden>/<hidden>/<hidden>/<hidden>/<hidden>/<hidden>/<hidden>/<hidden>/<hidden>
                            (rising edge-triggered cell FDRE clocked by sys_clk  {rise@0.000ns fall@5.000ns period=10.000ns})
  Path Group:             sys_clk
  Path Type:              Setup (Max at Slow Process Corner)
  Requirement:            10.000ns  (sys_clk rise@10.000ns - sys_clk rise@0.000ns)
  Data Path Delay:        3.391ns  (logic 0.733ns (21.615%)  route 2.658ns (78.385%))
  Logic Levels:           2  (LUT3=1 LUT6=1)
  Clock Path Skew:        -0.042ns (DCD - SCD + CPR)
    Destination Clock Delay (DCD):    3.757ns = ( 13.757 - 10.000 ) 
    Source Clock Delay      (SCD):    4.092ns
    Clock Pessimism Removal (CPR):    0.294ns
  Clock Uncertainty:      0.035ns  ((TSJ^2 + TIJ^2)^1/2 + DJ) / 2 + PE
    Total System Jitter     (TSJ):    0.071ns
    Total Input Jitter      (TIJ):    0.000ns
    Discrete Jitter          (DJ):    0.000ns
    Phase Error              (PE):    0.000ns

    Location             Delay type                Incr(ns)  Path(ns)    Netlist Resource(s)
  -------------------------------------------------------------------    -------------------
                         (clock sys_clk rise edge)    0.000     0.000 r  
    Y11                                               0.000     0.000 r  clock (IN)
                         net (fo=0)                   0.000     0.000    clock
    Y11                  IBUF (Prop_ibuf_I_O)         0.855     0.855 r  clock_IBUF_inst/O
                         net (fo=1, routed)           1.883     2.739    clock_IBUF
    BUFGCTRL_X0Y0        BUFG (Prop_bufg_I_O)         0.076     2.815 r  clock_IBUF_BUFG_inst/O
                         net (fo=11921, routed)       1.278     4.092    Top/RKMod1/k_block/fpu_fused__3/<hidden>/<hidden>/<hidden>/<hidden>/<hidden>/<hidden>/<hidden>/<hidden>/<hidden>/<hidden>
    SLICE_X46Y143        FDRE                                         r  Top/RKMod1/k_block/fpu_fused__3/<hidden>/<hidden>/<hidden>/<hidden>/<hidden>/<hidden>/<hidden>/<hidden>/<hidden>/<hidden>
  -------------------------------------------------------------------    -------------------
    SLICE_X46Y143        FDRE (Prop_fdre_C_Q)         0.393     4.485 r  Top/RKMod1/k_block/fpu_fused__3/<hidden>/<hidden>/<hidden>/<hidden>/<hidden>/<hidden>/<hidden>/<hidden>/<hidden>/<hidden>
                         net (fo=7, routed)           1.468     5.953    Top/RKMod1/k_block/fpu_fused__3/<hidden>/<hidden>/<hidden>/<hidden>/<hidden>
    SLICE_X39Y144        LUT3 (Prop_lut3_I0_O)        0.101     6.054 r  Top/RKMod1/k_block/fpu_fused__3/<hidden>/<hidden>/<hidden>/<hidden>/<hidden>
                         net (fo=39, routed)          1.190     7.244    Top/RKMod1/k_block/fpu_fused__3/<hidden>/<hidden>/<hidden>/<hidden>/<hidden>
    SLICE_X42Y148        LUT6 (Prop_lut6_I2_O)        0.239     7.483 r  Top/RKMod1/k_block/fpu_fused__3/<hidden>/<hidden>/<hidden>/<hidden>/<hidden>
                         net (fo=1, routed)           0.000     7.483    Top/RKMod1/k_block/fpu_fused__3/<hidden>/<hidden>/<hidden>/<hidden>/<hidden>/<hidden>/<hidden>/<hidden>/<hidden>
    SLICE_X42Y148        FDRE                                         r  Top/RKMod1/k_block/fpu_fused__3/<hidden>/<hidden>/<hidden>/<hidden>/<hidden>/<hidden>/<hidden>/<hidden>/<hidden>
  -------------------------------------------------------------------    -------------------

                         (clock sys_clk rise edge)   10.000    10.000 r  
    Y11                                               0.000    10.000 r  clock (IN)
                         net (fo=0)                   0.000    10.000    clock
    Y11                  IBUF (Prop_ibuf_I_O)         0.724    10.724 r  clock_IBUF_inst/O
                         net (fo=1, routed)           1.785    12.509    clock_IBUF
    BUFGCTRL_X0Y0        BUFG (Prop_bufg_I_O)         0.072    12.581 r  clock_IBUF_BUFG_inst/O
                         net (fo=11921, routed)       1.176    13.757    Top/RKMod1/k_block/fpu_fused__3/<hidden>/<hidden>/<hidden>/<hidden>/<hidden>/<hidden>/<hidden>/<hidden>/<hidden>
    SLICE_X42Y148        FDRE                                         r  Top/RKMod1/k_block/fpu_fused__3/<hidden>/<hidden>/<hidden>/<hidden>/<hidden>/<hidden>/<hidden>/<hidden>/<hidden>
                         clock pessimism              0.294    14.050    
                         clock uncertainty           -0.035    14.015    
    SLICE_X42Y148        FDRE (Setup_fdre_C_D)        0.072    14.087    Top/RKMod1/k_block/fpu_fused__3/<hidden>/<hidden>/<hidden>/<hidden>/<hidden>/<hidden>/<hidden>/<hidden>/<hidden>
  -------------------------------------------------------------------
                         required time                         14.087    
                         arrival time                          -7.483    
  -------------------------------------------------------------------
                         slack                                  6.603    

Slack (MET) :             6.632ns  (required time - arrival time)
  Source:                 Top/RKMod1/k_block/fpu_fused__1/<hidden>/<hidden>/<hidden>/<hidden>/<hidden>/<hidden>/<hidden>/<hidden>/<hidden>/<hidden>
                            (rising edge-triggered cell FDRE clocked by sys_clk  {rise@0.000ns fall@5.000ns period=10.000ns})
  Destination:            Top/RKMod1/k_block/fpu_fused__1/<hidden>/<hidden>/<hidden>/<hidden>/<hidden>/<hidden>/<hidden>/<hidden>/<hidden>/<hidden>
                            (rising edge-triggered cell FDRE clocked by sys_clk  {rise@0.000ns fall@5.000ns period=10.000ns})
  Path Group:             sys_clk
  Path Type:              Setup (Max at Slow Process Corner)
  Requirement:            10.000ns  (sys_clk rise@10.000ns - sys_clk rise@0.000ns)
  Data Path Delay:        3.351ns  (logic 0.770ns (22.979%)  route 2.581ns (77.021%))
  Logic Levels:           4  (LUT3=1 LUT5=1 MUXF7=1 MUXF8=1)
  Clock Path Skew:        -0.039ns (DCD - SCD + CPR)
    Destination Clock Delay (DCD):    3.757ns = ( 13.757 - 10.000 ) 
    Source Clock Delay      (SCD):    4.089ns
    Clock Pessimism Removal (CPR):    0.294ns
  Clock Uncertainty:      0.035ns  ((TSJ^2 + TIJ^2)^1/2 + DJ) / 2 + PE
    Total System Jitter     (TSJ):    0.071ns
    Total Input Jitter      (TIJ):    0.000ns
    Discrete Jitter          (DJ):    0.000ns
    Phase Error              (PE):    0.000ns

    Location             Delay type                Incr(ns)  Path(ns)    Netlist Resource(s)
  -------------------------------------------------------------------    -------------------
                         (clock sys_clk rise edge)    0.000     0.000 r  
    Y11                                               0.000     0.000 r  clock (IN)
                         net (fo=0)                   0.000     0.000    clock
    Y11                  IBUF (Prop_ibuf_I_O)         0.855     0.855 r  clock_IBUF_inst/O
                         net (fo=1, routed)           1.883     2.739    clock_IBUF
    BUFGCTRL_X0Y0        BUFG (Prop_bufg_I_O)         0.076     2.815 r  clock_IBUF_BUFG_inst/O
                         net (fo=11921, routed)       1.275     4.089    Top/RKMod1/k_block/fpu_fused__1/<hidden>/<hidden>/<hidden>/<hidden>/<hidden>/<hidden>/<hidden>/<hidden>/<hidden>/<hidden>
    SLICE_X50Y112        FDRE                                         r  Top/RKMod1/k_block/fpu_fused__1/<hidden>/<hidden>/<hidden>/<hidden>/<hidden>/<hidden>/<hidden>/<hidden>/<hidden>/<hidden>
  -------------------------------------------------------------------    -------------------
    SLICE_X50Y112        FDRE (Prop_fdre_C_Q)         0.341     4.430 r  Top/RKMod1/k_block/fpu_fused__1/<hidden>/<hidden>/<hidden>/<hidden>/<hidden>/<hidden>/<hidden>/<hidden>/<hidden>/<hidden>
                         net (fo=57, routed)          1.803     6.234    Top/RKMod1/k_block/fpu_fused__1/<hidden>/<hidden>/<hidden>/<hidden>/<hidden>
    SLICE_X44Y109        LUT5 (Prop_lut5_I2_O)        0.097     6.331 r  Top/RKMod1/k_block/fpu_fused__1/<hidden>/<hidden>/<hidden>/<hidden>/<hidden>
                         net (fo=1, routed)           0.777     7.108    Top/RKMod1/k_block/fpu_fused__1/<hidden>/<hidden>/<hidden>/<hidden>/<hidden>
    SLICE_X47Y107        LUT3 (Prop_lut3_I0_O)        0.097     7.205 r  Top/RKMod1/k_block/fpu_fused__1/<hidden>/<hidden>/<hidden>/<hidden>/<hidden>
                         net (fo=1, routed)           0.000     7.205    Top/RKMod1/k_block/fpu_fused__1/<hidden>/<hidden>/<hidden>/<hidden>/<hidden>/<hidden>/<hidden>/<hidden>
    SLICE_X47Y107        MUXF7 (Prop_muxf7_I0_O)      0.163     7.368 r  Top/RKMod1/k_block/fpu_fused__1/<hidden>/<hidden>/<hidden>/<hidden>/<hidden>/<hidden>/<hidden>/<hidden>
                         net (fo=1, routed)           0.000     7.368    Top/RKMod1/k_block/fpu_fused__1/<hidden>/<hidden>/<hidden>/<hidden>/<hidden>/<hidden>/<hidden>/<hidden>
    SLICE_X47Y107        MUXF8 (Prop_muxf8_I1_O)      0.072     7.440 r  Top/RKMod1/k_block/fpu_fused__1/<hidden>/<hidden>/<hidden>/<hidden>/<hidden>/<hidden>/<hidden>/<hidden>
                         net (fo=1, routed)           0.000     7.440    Top/RKMod1/k_block/fpu_fused__1/<hidden>/<hidden>/<hidden>/<hidden>/<hidden>/<hidden>/<hidden>/<hidden>/<hidden>/<hidden>
    SLICE_X47Y107        FDRE                                         r  Top/RKMod1/k_block/fpu_fused__1/<hidden>/<hidden>/<hidden>/<hidden>/<hidden>/<hidden>/<hidden>/<hidden>/<hidden>/<hidden>
  -------------------------------------------------------------------    -------------------

                         (clock sys_clk rise edge)   10.000    10.000 r  
    Y11                                               0.000    10.000 r  clock (IN)
                         net (fo=0)                   0.000    10.000    clock
    Y11                  IBUF (Prop_ibuf_I_O)         0.724    10.724 r  clock_IBUF_inst/O
                         net (fo=1, routed)           1.785    12.509    clock_IBUF
    BUFGCTRL_X0Y0        BUFG (Prop_bufg_I_O)         0.072    12.581 r  clock_IBUF_BUFG_inst/O
                         net (fo=11921, routed)       1.176    13.757    Top/RKMod1/k_block/fpu_fused__1/<hidden>/<hidden>/<hidden>/<hidden>/<hidden>/<hidden>/<hidden>/<hidden>/<hidden>/<hidden>
    SLICE_X47Y107        FDRE                                         r  Top/RKMod1/k_block/fpu_fused__1/<hidden>/<hidden>/<hidden>/<hidden>/<hidden>/<hidden>/<hidden>/<hidden>/<hidden>/<hidden>
                         clock pessimism              0.294    14.050    
                         clock uncertainty           -0.035    14.015    
    SLICE_X47Y107        FDRE (Setup_fdre_C_D)        0.057    14.072    Top/RKMod1/k_block/fpu_fused__1/<hidden>/<hidden>/<hidden>/<hidden>/<hidden>/<hidden>/<hidden>/<hidden>/<hidden>/<hidden>
  -------------------------------------------------------------------
                         required time                         14.072    
                         arrival time                          -7.440    
  -------------------------------------------------------------------
                         slack                                  6.632    

Slack (MET) :             6.641ns  (required time - arrival time)
  Source:                 Top/RKMod1/k_block/fpu_fused__3/<hidden>/<hidden>/<hidden>/<hidden>/<hidden>/<hidden>/<hidden>/<hidden>/<hidden>/<hidden>
                            (rising edge-triggered cell FDRE clocked by sys_clk  {rise@0.000ns fall@5.000ns period=10.000ns})
  Destination:            Top/RKMod1/k_block/fpu_fused__3/<hidden>/<hidden>/<hidden>/<hidden>/<hidden>/<hidden>/<hidden>/<hidden>/<hidden>
                            (rising edge-triggered cell FDRE clocked by sys_clk  {rise@0.000ns fall@5.000ns period=10.000ns})
  Path Group:             sys_clk
  Path Type:              Setup (Max at Slow Process Corner)
  Requirement:            10.000ns  (sys_clk rise@10.000ns - sys_clk rise@0.000ns)
  Data Path Delay:        3.355ns  (logic 0.733ns (21.849%)  route 2.622ns (78.151%))
  Logic Levels:           2  (LUT3=1 LUT6=1)
  Clock Path Skew:        -0.039ns (DCD - SCD + CPR)
    Destination Clock Delay (DCD):    3.760ns = ( 13.760 - 10.000 ) 
    Source Clock Delay      (SCD):    4.092ns
    Clock Pessimism Removal (CPR):    0.294ns
  Clock Uncertainty:      0.035ns  ((TSJ^2 + TIJ^2)^1/2 + DJ) / 2 + PE
    Total System Jitter     (TSJ):    0.071ns
    Total Input Jitter      (TIJ):    0.000ns
    Discrete Jitter          (DJ):    0.000ns
    Phase Error              (PE):    0.000ns

    Location             Delay type                Incr(ns)  Path(ns)    Netlist Resource(s)
  -------------------------------------------------------------------    -------------------
                         (clock sys_clk rise edge)    0.000     0.000 r  
    Y11                                               0.000     0.000 r  clock (IN)
                         net (fo=0)                   0.000     0.000    clock
    Y11                  IBUF (Prop_ibuf_I_O)         0.855     0.855 r  clock_IBUF_inst/O
                         net (fo=1, routed)           1.883     2.739    clock_IBUF
    BUFGCTRL_X0Y0        BUFG (Prop_bufg_I_O)         0.076     2.815 r  clock_IBUF_BUFG_inst/O
                         net (fo=11921, routed)       1.278     4.092    Top/RKMod1/k_block/fpu_fused__3/<hidden>/<hidden>/<hidden>/<hidden>/<hidden>/<hidden>/<hidden>/<hidden>/<hidden>/<hidden>
    SLICE_X46Y143        FDRE                                         r  Top/RKMod1/k_block/fpu_fused__3/<hidden>/<hidden>/<hidden>/<hidden>/<hidden>/<hidden>/<hidden>/<hidden>/<hidden>/<hidden>
  -------------------------------------------------------------------    -------------------
    SLICE_X46Y143        FDRE (Prop_fdre_C_Q)         0.393     4.485 r  Top/RKMod1/k_block/fpu_fused__3/<hidden>/<hidden>/<hidden>/<hidden>/<hidden>/<hidden>/<hidden>/<hidden>/<hidden>/<hidden>
                         net (fo=7, routed)           1.468     5.953    Top/RKMod1/k_block/fpu_fused__3/<hidden>/<hidden>/<hidden>/<hidden>/<hidden>
    SLICE_X39Y144        LUT3 (Prop_lut3_I0_O)        0.101     6.054 r  Top/RKMod1/k_block/fpu_fused__3/<hidden>/<hidden>/<hidden>/<hidden>/<hidden>
                         net (fo=39, routed)          1.154     7.208    Top/RKMod1/k_block/fpu_fused__3/<hidden>/<hidden>/<hidden>/<hidden>/<hidden>
    SLICE_X44Y148        LUT6 (Prop_lut6_I2_O)        0.239     7.447 r  Top/RKMod1/k_block/fpu_fused__3/<hidden>/<hidden>/<hidden>/<hidden>/<hidden>
                         net (fo=1, routed)           0.000     7.447    Top/RKMod1/k_block/fpu_fused__3/<hidden>/<hidden>/<hidden>/<hidden>/<hidden>/<hidden>/<hidden>/<hidden>/<hidden>
    SLICE_X44Y148        FDRE                                         r  Top/RKMod1/k_block/fpu_fused__3/<hidden>/<hidden>/<hidden>/<hidden>/<hidden>/<hidden>/<hidden>/<hidden>/<hidden>
  -------------------------------------------------------------------    -------------------

                         (clock sys_clk rise edge)   10.000    10.000 r  
    Y11                                               0.000    10.000 r  clock (IN)
                         net (fo=0)                   0.000    10.000    clock
    Y11                  IBUF (Prop_ibuf_I_O)         0.724    10.724 r  clock_IBUF_inst/O
                         net (fo=1, routed)           1.785    12.509    clock_IBUF
    BUFGCTRL_X0Y0        BUFG (Prop_bufg_I_O)         0.072    12.581 r  clock_IBUF_BUFG_inst/O
                         net (fo=11921, routed)       1.179    13.760    Top/RKMod1/k_block/fpu_fused__3/<hidden>/<hidden>/<hidden>/<hidden>/<hidden>/<hidden>/<hidden>/<hidden>/<hidden>
    SLICE_X44Y148        FDRE                                         r  Top/RKMod1/k_block/fpu_fused__3/<hidden>/<hidden>/<hidden>/<hidden>/<hidden>/<hidden>/<hidden>/<hidden>/<hidden>
                         clock pessimism              0.294    14.053    
                         clock uncertainty           -0.035    14.018    
    SLICE_X44Y148        FDRE (Setup_fdre_C_D)        0.070    14.088    Top/RKMod1/k_block/fpu_fused__3/<hidden>/<hidden>/<hidden>/<hidden>/<hidden>/<hidden>/<hidden>/<hidden>/<hidden>
  -------------------------------------------------------------------
                         required time                         14.088    
                         arrival time                          -7.447    
  -------------------------------------------------------------------
                         slack                                  6.641    

Slack (MET) :             6.659ns  (required time - arrival time)
  Source:                 Top/RKMod1/k_block/fpu_fused__3/<hidden>/<hidden>/<hidden>/<hidden>/<hidden>/<hidden>/<hidden>/<hidden>/<hidden>/<hidden>
                            (rising edge-triggered cell FDRE clocked by sys_clk  {rise@0.000ns fall@5.000ns period=10.000ns})
  Destination:            Top/RKMod1/k_block/fpu_fused__3/<hidden>/<hidden>/<hidden>/<hidden>/<hidden>/<hidden>/<hidden>/<hidden>/<hidden>/<hidden>
                            (rising edge-triggered cell FDRE clocked by sys_clk  {rise@0.000ns fall@5.000ns period=10.000ns})
  Path Group:             sys_clk
  Path Type:              Setup (Max at Slow Process Corner)
  Requirement:            10.000ns  (sys_clk rise@10.000ns - sys_clk rise@0.000ns)
  Data Path Delay:        3.081ns  (logic 0.807ns (26.194%)  route 2.274ns (73.806%))
  Logic Levels:           2  (CARRY4=1 LUT6=1)
  Clock Path Skew:        -0.045ns (DCD - SCD + CPR)
    Destination Clock Delay (DCD):    3.757ns = ( 13.757 - 10.000 ) 
    Source Clock Delay      (SCD):    4.095ns
    Clock Pessimism Removal (CPR):    0.294ns
  Clock Uncertainty:      0.035ns  ((TSJ^2 + TIJ^2)^1/2 + DJ) / 2 + PE
    Total System Jitter     (TSJ):    0.071ns
    Total Input Jitter      (TIJ):    0.000ns
    Discrete Jitter          (DJ):    0.000ns
    Phase Error              (PE):    0.000ns

    Location             Delay type                Incr(ns)  Path(ns)    Netlist Resource(s)
  -------------------------------------------------------------------    -------------------
                         (clock sys_clk rise edge)    0.000     0.000 r  
    Y11                                               0.000     0.000 r  clock (IN)
                         net (fo=0)                   0.000     0.000    clock
    Y11                  IBUF (Prop_ibuf_I_O)         0.855     0.855 r  clock_IBUF_inst/O
                         net (fo=1, routed)           1.883     2.739    clock_IBUF
    BUFGCTRL_X0Y0        BUFG (Prop_bufg_I_O)         0.076     2.815 r  clock_IBUF_BUFG_inst/O
                         net (fo=11921, routed)       1.281     4.095    Top/RKMod1/k_block/fpu_fused__3/<hidden>/<hidden>/<hidden>/<hidden>/<hidden>/<hidden>/<hidden>/<hidden>/<hidden>/<hidden>
    SLICE_X45Y146        FDRE                                         r  Top/RKMod1/k_block/fpu_fused__3/<hidden>/<hidden>/<hidden>/<hidden>/<hidden>/<hidden>/<hidden>/<hidden>/<hidden>/<hidden>
  -------------------------------------------------------------------    -------------------
    SLICE_X45Y146        FDRE (Prop_fdre_C_Q)         0.341     4.436 r  Top/RKMod1/k_block/fpu_fused__3/<hidden>/<hidden>/<hidden>/<hidden>/<hidden>/<hidden>/<hidden>/<hidden>/<hidden>/<hidden>
                         net (fo=18, routed)          1.768     6.205    Top/RKMod1/k_block/fpu_fused__3/<hidden>/<hidden>/<hidden>/<hidden>/<hidden>/<hidden>/<hidden>
    SLICE_X40Y150        LUT6 (Prop_lut6_I3_O)        0.097     6.302 r  Top/RKMod1/k_block/fpu_fused__3/<hidden>/<hidden>/<hidden>/<hidden>/<hidden>/<hidden>/<hidden>
                         net (fo=1, routed)           0.000     6.302    Top/RKMod1/k_block/fpu_fused__3/<hidden>/<hidden>/<hidden>/<hidden>/<hidden>/<hidden>/<hidden>/<hidden>
    SLICE_X40Y150        CARRY4 (Prop_carry4_S[1]_CO[1])
                                                      0.369     6.671 r  Top/RKMod1/k_block/fpu_fused__3/<hidden>/<hidden>/<hidden>/<hidden>/<hidden>/<hidden>/<hidden>/<hidden>
                         net (fo=1, routed)           0.505     7.176    Top/RKMod1/k_block/fpu_fused__3/<hidden>/<hidden>/<hidden>/<hidden>/<hidden>/<hidden>/<hidden>/<hidden>/<hidden>/<hidden>
    SLICE_X43Y149        FDRE                                         r  Top/RKMod1/k_block/fpu_fused__3/<hidden>/<hidden>/<hidden>/<hidden>/<hidden>/<hidden>/<hidden>/<hidden>/<hidden>/<hidden>
  -------------------------------------------------------------------    -------------------

                         (clock sys_clk rise edge)   10.000    10.000 r  
    Y11                                               0.000    10.000 r  clock (IN)
                         net (fo=0)                   0.000    10.000    clock
    Y11                  IBUF (Prop_ibuf_I_O)         0.724    10.724 r  clock_IBUF_inst/O
                         net (fo=1, routed)           1.785    12.509    clock_IBUF
    BUFGCTRL_X0Y0        BUFG (Prop_bufg_I_O)         0.072    12.581 r  clock_IBUF_BUFG_inst/O
                         net (fo=11921, routed)       1.176    13.757    Top/RKMod1/k_block/fpu_fused__3/<hidden>/<hidden>/<hidden>/<hidden>/<hidden>/<hidden>/<hidden>/<hidden>/<hidden>/<hidden>
    SLICE_X43Y149        FDRE                                         r  Top/RKMod1/k_block/fpu_fused__3/<hidden>/<hidden>/<hidden>/<hidden>/<hidden>/<hidden>/<hidden>/<hidden>/<hidden>/<hidden>
                         clock pessimism              0.294    14.050    
                         clock uncertainty           -0.035    14.015    
    SLICE_X43Y149        FDRE (Setup_fdre_C_D)       -0.180    13.835    Top/RKMod1/k_block/fpu_fused__3/<hidden>/<hidden>/<hidden>/<hidden>/<hidden>/<hidden>/<hidden>/<hidden>/<hidden>/<hidden>
  -------------------------------------------------------------------
                         required time                         13.835    
                         arrival time                          -7.176    
  -------------------------------------------------------------------
                         slack                                  6.659    





Min Delay Paths
--------------------------------------------------------------------------------------
Slack (MET) :             0.050ns  (arrival time - required time)
  Source:                 Top/RKMod1/fpu_add__12/<hidden>/<hidden>/<hidden>/<hidden>/<hidden>/<hidden>/<hidden>
                            (rising edge-triggered cell FDRE clocked by sys_clk  {rise@0.000ns fall@5.000ns period=10.000ns})
  Destination:            Top/RKMod1/fpu_add__12/<hidden>/<hidden>/<hidden>/<hidden>/<hidden>/<hidden>/<hidden>
                            (rising edge-triggered cell FDRE clocked by sys_clk  {rise@0.000ns fall@5.000ns period=10.000ns})
  Path Group:             sys_clk
  Path Type:              Hold (Min at Fast Process Corner)
  Requirement:            0.000ns  (sys_clk rise@0.000ns - sys_clk rise@0.000ns)
  Data Path Delay:        0.428ns  (logic 0.292ns (68.243%)  route 0.136ns (31.757%))
  Logic Levels:           1  (CARRY4=1)
  Clock Path Skew:        0.273ns (DCD - SCD - CPR)
    Destination Clock Delay (DCD):    2.220ns
    Source Clock Delay      (SCD):    1.687ns
    Clock Pessimism Removal (CPR):    0.260ns

    Location             Delay type                Incr(ns)  Path(ns)    Netlist Resource(s)
  -------------------------------------------------------------------    -------------------
                         (clock sys_clk rise edge)    0.000     0.000 r  
    Y11                                               0.000     0.000 r  clock (IN)
                         net (fo=0)                   0.000     0.000    clock
    Y11                  IBUF (Prop_ibuf_I_O)         0.235     0.235 r  clock_IBUF_inst/O
                         net (fo=1, routed)           0.843     1.078    clock_IBUF
    BUFGCTRL_X0Y0        BUFG (Prop_bufg_I_O)         0.026     1.104 r  clock_IBUF_BUFG_inst/O
                         net (fo=11921, routed)       0.584     1.687    Top/RKMod1/fpu_add__12/<hidden>/<hidden>/<hidden>/<hidden>/<hidden>/<hidden>/<hidden>
    SLICE_X57Y150        FDRE                                         r  Top/RKMod1/fpu_add__12/<hidden>/<hidden>/<hidden>/<hidden>/<hidden>/<hidden>/<hidden>
  -------------------------------------------------------------------    -------------------
    SLICE_X57Y150        FDRE (Prop_fdre_C_Q)         0.128     1.815 r  Top/RKMod1/fpu_add__12/<hidden>/<hidden>/<hidden>/<hidden>/<hidden>/<hidden>/<hidden>
                         net (fo=1, routed)           0.136     1.951    Top/RKMod1/fpu_add__12/<hidden>/<hidden>/<hidden>/<hidden>/<hidden>/<hidden>
    SLICE_X57Y149        CARRY4 (Prop_carry4_S[2]_O[2])
                                                      0.164     2.115 r  Top/RKMod1/fpu_add__12/<hidden>/<hidden>/<hidden>/<hidden>/<hidden>/<hidden>
                         net (fo=1, routed)           0.000     2.115    Top/RKMod1/fpu_add__12/<hidden>/<hidden>/<hidden>/<hidden>/<hidden>/<hidden>/<hidden>
    SLICE_X57Y149        FDRE                                         r  Top/RKMod1/fpu_add__12/<hidden>/<hidden>/<hidden>/<hidden>/<hidden>/<hidden>/<hidden>
  -------------------------------------------------------------------    -------------------

                         (clock sys_clk rise edge)    0.000     0.000 r  
    Y11                                               0.000     0.000 r  clock (IN)
                         net (fo=0)                   0.000     0.000    clock
    Y11                  IBUF (Prop_ibuf_I_O)         0.424     0.424 r  clock_IBUF_inst/O
                         net (fo=1, routed)           0.910     1.334    clock_IBUF
    BUFGCTRL_X0Y0        BUFG (Prop_bufg_I_O)         0.029     1.363 r  clock_IBUF_BUFG_inst/O
                         net (fo=11921, routed)       0.857     2.220    Top/RKMod1/fpu_add__12/<hidden>/<hidden>/<hidden>/<hidden>/<hidden>/<hidden>/<hidden>
    SLICE_X57Y149        FDRE                                         r  Top/RKMod1/fpu_add__12/<hidden>/<hidden>/<hidden>/<hidden>/<hidden>/<hidden>/<hidden>
                         clock pessimism             -0.260     1.960    
    SLICE_X57Y149        FDRE (Hold_fdre_C_D)         0.105     2.065    Top/RKMod1/fpu_add__12/<hidden>/<hidden>/<hidden>/<hidden>/<hidden>/<hidden>/<hidden>
  -------------------------------------------------------------------
                         required time                         -2.065    
                         arrival time                           2.115    
  -------------------------------------------------------------------
                         slack                                  0.050    

Slack (MET) :             0.051ns  (arrival time - required time)
  Source:                 Top/RKMod1/fpu_mul/<hidden>/<hidden>/<hidden>/<hidden>/<hidden>/<hidden>/<hidden>
                            (rising edge-triggered cell FDRE clocked by sys_clk  {rise@0.000ns fall@5.000ns period=10.000ns})
  Destination:            Top/RKMod1/fpu_mul/<hidden>/<hidden>/<hidden>/<hidden>/<hidden>/<hidden>/<hidden>
                            (rising edge-triggered cell SRL16E clocked by sys_clk  {rise@0.000ns fall@5.000ns period=10.000ns})
  Path Group:             sys_clk
  Path Type:              Hold (Min at Fast Process Corner)
  Requirement:            0.000ns  (sys_clk rise@0.000ns - sys_clk rise@0.000ns)
  Data Path Delay:        0.268ns  (logic 0.141ns (52.690%)  route 0.127ns (47.310%))
  Logic Levels:           0  
  Clock Path Skew:        0.034ns (DCD - SCD - CPR)
    Destination Clock Delay (DCD):    2.210ns
    Source Clock Delay      (SCD):    1.682ns
    Clock Pessimism Removal (CPR):    0.494ns

    Location             Delay type                Incr(ns)  Path(ns)    Netlist Resource(s)
  -------------------------------------------------------------------    -------------------
                         (clock sys_clk rise edge)    0.000     0.000 r  
    Y11                                               0.000     0.000 r  clock (IN)
                         net (fo=0)                   0.000     0.000    clock
    Y11                  IBUF (Prop_ibuf_I_O)         0.235     0.235 r  clock_IBUF_inst/O
                         net (fo=1, routed)           0.843     1.078    clock_IBUF
    BUFGCTRL_X0Y0        BUFG (Prop_bufg_I_O)         0.026     1.104 r  clock_IBUF_BUFG_inst/O
                         net (fo=11921, routed)       0.579     1.682    Top/RKMod1/fpu_mul/<hidden>/<hidden>/<hidden>/<hidden>/<hidden>/<hidden>/<hidden>
    SLICE_X49Y131        FDRE                                         r  Top/RKMod1/fpu_mul/<hidden>/<hidden>/<hidden>/<hidden>/<hidden>/<hidden>/<hidden>
  -------------------------------------------------------------------    -------------------
    SLICE_X49Y131        FDRE (Prop_fdre_C_Q)         0.141     1.823 r  Top/RKMod1/fpu_mul/<hidden>/<hidden>/<hidden>/<hidden>/<hidden>/<hidden>/<hidden>
                         net (fo=5, routed)           0.127     1.950    Top/RKMod1/fpu_mul/<hidden>/<hidden>/<hidden>/<hidden>/<hidden>/<hidden>/<hidden>
    SLICE_X52Y131        SRL16E                                       r  Top/RKMod1/fpu_mul/<hidden>/<hidden>/<hidden>/<hidden>/<hidden>/<hidden>/<hidden>
  -------------------------------------------------------------------    -------------------

                         (clock sys_clk rise edge)    0.000     0.000 r  
    Y11                                               0.000     0.000 r  clock (IN)
                         net (fo=0)                   0.000     0.000    clock
    Y11                  IBUF (Prop_ibuf_I_O)         0.424     0.424 r  clock_IBUF_inst/O
                         net (fo=1, routed)           0.910     1.334    clock_IBUF
    BUFGCTRL_X0Y0        BUFG (Prop_bufg_I_O)         0.029     1.363 r  clock_IBUF_BUFG_inst/O
                         net (fo=11921, routed)       0.847     2.210    Top/RKMod1/fpu_mul/<hidden>/<hidden>/<hidden>/<hidden>/<hidden>/<hidden>/<hidden>
    SLICE_X52Y131        SRL16E                                       r  Top/RKMod1/fpu_mul/<hidden>/<hidden>/<hidden>/<hidden>/<hidden>/<hidden>/<hidden>
                         clock pessimism             -0.494     1.716    
    SLICE_X52Y131        SRL16E (Hold_srl16e_CLK_D)
                                                      0.183     1.899    Top/RKMod1/fpu_mul/<hidden>/<hidden>/<hidden>/<hidden>/<hidden>/<hidden>/<hidden>
  -------------------------------------------------------------------
                         required time                         -1.899    
                         arrival time                           1.950    
  -------------------------------------------------------------------
                         slack                                  0.051    

Slack (MET) :             0.060ns  (arrival time - required time)
  Source:                 Top/RKMod1/k_block/fpu_add__8/<hidden>/<hidden>/<hidden>/<hidden>/<hidden>/<hidden>/<hidden>
                            (rising edge-triggered cell FDRE clocked by sys_clk  {rise@0.000ns fall@5.000ns period=10.000ns})
  Destination:            Top/RKMod1/k_block/fpu_add__8/<hidden>/<hidden>/<hidden>/<hidden>/<hidden>/<hidden>/<hidden>
                            (rising edge-triggered cell SRL16E clocked by sys_clk  {rise@0.000ns fall@5.000ns period=10.000ns})
  Path Group:             sys_clk
  Path Type:              Hold (Min at Fast Process Corner)
  Requirement:            0.000ns  (sys_clk rise@0.000ns - sys_clk rise@0.000ns)
  Data Path Delay:        0.281ns  (logic 0.164ns (58.340%)  route 0.117ns (41.660%))
  Logic Levels:           0  
  Clock Path Skew:        0.038ns (DCD - SCD - CPR)
    Destination Clock Delay (DCD):    2.260ns
    Source Clock Delay      (SCD):    1.728ns
    Clock Pessimism Removal (CPR):    0.494ns

    Location             Delay type                Incr(ns)  Path(ns)    Netlist Resource(s)
  -------------------------------------------------------------------    -------------------
                         (clock sys_clk rise edge)    0.000     0.000 r  
    Y11                                               0.000     0.000 r  clock (IN)
                         net (fo=0)                   0.000     0.000    clock
    Y11                  IBUF (Prop_ibuf_I_O)         0.235     0.235 r  clock_IBUF_inst/O
                         net (fo=1, routed)           0.843     1.078    clock_IBUF
    BUFGCTRL_X0Y0        BUFG (Prop_bufg_I_O)         0.026     1.104 r  clock_IBUF_BUFG_inst/O
                         net (fo=11921, routed)       0.625     1.728    Top/RKMod1/k_block/fpu_add__8/<hidden>/<hidden>/<hidden>/<hidden>/<hidden>/<hidden>/<hidden>
    SLICE_X20Y148        FDRE                                         r  Top/RKMod1/k_block/fpu_add__8/<hidden>/<hidden>/<hidden>/<hidden>/<hidden>/<hidden>/<hidden>
  -------------------------------------------------------------------    -------------------
    SLICE_X20Y148        FDRE (Prop_fdre_C_Q)         0.164     1.892 r  Top/RKMod1/k_block/fpu_add__8/<hidden>/<hidden>/<hidden>/<hidden>/<hidden>/<hidden>/<hidden>
                         net (fo=1, routed)           0.117     2.009    Top/RKMod1/k_block/fpu_add__8/<hidden>/<hidden>/<hidden>/<hidden>/<hidden>/<hidden>/<hidden>
    SLICE_X22Y149        SRL16E                                       r  Top/RKMod1/k_block/fpu_add__8/<hidden>/<hidden>/<hidden>/<hidden>/<hidden>/<hidden>/<hidden>
  -------------------------------------------------------------------    -------------------

                         (clock sys_clk rise edge)    0.000     0.000 r  
    Y11                                               0.000     0.000 r  clock (IN)
                         net (fo=0)                   0.000     0.000    clock
    Y11                  IBUF (Prop_ibuf_I_O)         0.424     0.424 r  clock_IBUF_inst/O
                         net (fo=1, routed)           0.910     1.334    clock_IBUF
    BUFGCTRL_X0Y0        BUFG (Prop_bufg_I_O)         0.029     1.363 r  clock_IBUF_BUFG_inst/O
                         net (fo=11921, routed)       0.897     2.260    Top/RKMod1/k_block/fpu_add__8/<hidden>/<hidden>/<hidden>/<hidden>/<hidden>/<hidden>/<hidden>
    SLICE_X22Y149        SRL16E                                       r  Top/RKMod1/k_block/fpu_add__8/<hidden>/<hidden>/<hidden>/<hidden>/<hidden>/<hidden>/<hidden>
                         clock pessimism             -0.494     1.766    
    SLICE_X22Y149        SRL16E (Hold_srl16e_CLK_D)
                                                      0.183     1.949    Top/RKMod1/k_block/fpu_add__8/<hidden>/<hidden>/<hidden>/<hidden>/<hidden>/<hidden>/<hidden>
  -------------------------------------------------------------------
                         required time                         -1.949    
                         arrival time                           2.009    
  -------------------------------------------------------------------
                         slack                                  0.060    

Slack (MET) :             0.060ns  (arrival time - required time)
  Source:                 Top/RKMod1/k_block/func__xdcDup__2/fpu_add__6/<hidden>/<hidden>/<hidden>
                            (rising edge-triggered cell FDRE clocked by sys_clk  {rise@0.000ns fall@5.000ns period=10.000ns})
  Destination:            Top/RKMod1/k_block/func__xdcDup__2/fpu_add__6/<hidden>/<hidden>/<hidden>/<hidden>/<hidden>/<hidden>/<hidden>
                            (rising edge-triggered cell FDRE clocked by sys_clk  {rise@0.000ns fall@5.000ns period=10.000ns})
  Path Group:             sys_clk
  Path Type:              Hold (Min at Fast Process Corner)
  Requirement:            0.000ns  (sys_clk rise@0.000ns - sys_clk rise@0.000ns)
  Data Path Delay:        0.324ns  (logic 0.141ns (43.563%)  route 0.183ns (56.437%))
  Logic Levels:           0  
  Clock Path Skew:        0.197ns (DCD - SCD - CPR)
    Destination Clock Delay (DCD):    2.218ns
    Source Clock Delay      (SCD):    1.756ns
    Clock Pessimism Removal (CPR):    0.265ns

    Location             Delay type                Incr(ns)  Path(ns)    Netlist Resource(s)
  -------------------------------------------------------------------    -------------------
                         (clock sys_clk rise edge)    0.000     0.000 r  
    Y11                                               0.000     0.000 r  clock (IN)
                         net (fo=0)                   0.000     0.000    clock
    Y11                  IBUF (Prop_ibuf_I_O)         0.235     0.235 r  clock_IBUF_inst/O
                         net (fo=1, routed)           0.843     1.078    clock_IBUF
    BUFGCTRL_X0Y0        BUFG (Prop_bufg_I_O)         0.026     1.104 r  clock_IBUF_BUFG_inst/O
                         net (fo=11921, routed)       0.652     1.756    Top/RKMod1/k_block/func__xdcDup__2/fpu_add__6/<hidden>/<hidden>/<hidden>
    SLICE_X54Y99         FDRE                                         r  Top/RKMod1/k_block/func__xdcDup__2/fpu_add__6/<hidden>/<hidden>/<hidden>
  -------------------------------------------------------------------    -------------------
    SLICE_X54Y99         FDRE (Prop_fdre_C_Q)         0.141     1.897 r  Top/RKMod1/k_block/func__xdcDup__2/fpu_add__6/<hidden>/<hidden>/<hidden>
                         net (fo=6, routed)           0.183     2.079    Top/RKMod1/k_block/func__xdcDup__2/fpu_add__6/<hidden>/<hidden>/<hidden>/<hidden>/<hidden>/<hidden>/<hidden>
    SLICE_X58Y100        FDRE                                         r  Top/RKMod1/k_block/func__xdcDup__2/fpu_add__6/<hidden>/<hidden>/<hidden>/<hidden>/<hidden>/<hidden>/<hidden>
  -------------------------------------------------------------------    -------------------

                         (clock sys_clk rise edge)    0.000     0.000 r  
    Y11                                               0.000     0.000 r  clock (IN)
                         net (fo=0)                   0.000     0.000    clock
    Y11                  IBUF (Prop_ibuf_I_O)         0.424     0.424 r  clock_IBUF_inst/O
                         net (fo=1, routed)           0.910     1.334    clock_IBUF
    BUFGCTRL_X0Y0        BUFG (Prop_bufg_I_O)         0.029     1.363 r  clock_IBUF_BUFG_inst/O
                         net (fo=11921, routed)       0.855     2.218    Top/RKMod1/k_block/func__xdcDup__2/fpu_add__6/<hidden>/<hidden>/<hidden>/<hidden>/<hidden>/<hidden>/<hidden>
    SLICE_X58Y100        FDRE                                         r  Top/RKMod1/k_block/func__xdcDup__2/fpu_add__6/<hidden>/<hidden>/<hidden>/<hidden>/<hidden>/<hidden>/<hidden>
                         clock pessimism             -0.265     1.953    
    SLICE_X58Y100        FDRE (Hold_fdre_C_D)         0.066     2.019    Top/RKMod1/k_block/func__xdcDup__2/fpu_add__6/<hidden>/<hidden>/<hidden>/<hidden>/<hidden>/<hidden>/<hidden>
  -------------------------------------------------------------------
                         required time                         -2.019    
                         arrival time                           2.079    
  -------------------------------------------------------------------
                         slack                                  0.060    

Slack (MET) :             0.063ns  (arrival time - required time)
  Source:                 Top/RKMod1/k_block/func__xdcDup__3/fpu_mul__6/<hidden>/<hidden>/<hidden>
                            (rising edge-triggered cell FDRE clocked by sys_clk  {rise@0.000ns fall@5.000ns period=10.000ns})
  Destination:            Top/RKMod1/k_block/func__xdcDup__3/fpu_mul__6/<hidden>/<hidden>/<hidden>/<hidden>/<hidden>/<hidden>/<hidden>
                            (rising edge-triggered cell FDRE clocked by sys_clk  {rise@0.000ns fall@5.000ns period=10.000ns})
  Path Group:             sys_clk
  Path Type:              Hold (Min at Fast Process Corner)
  Requirement:            0.000ns  (sys_clk rise@0.000ns - sys_clk rise@0.000ns)
  Data Path Delay:        0.397ns  (logic 0.256ns (64.474%)  route 0.141ns (35.526%))
  Logic Levels:           2  (CARRY4=1 LUT2=1)
  Clock Path Skew:        0.200ns (DCD - SCD - CPR)
    Destination Clock Delay (DCD):    2.252ns
    Source Clock Delay      (SCD):    1.787ns
    Clock Pessimism Removal (CPR):    0.265ns

    Location             Delay type                Incr(ns)  Path(ns)    Netlist Resource(s)
  -------------------------------------------------------------------    -------------------
                         (clock sys_clk rise edge)    0.000     0.000 r  
    Y11                                               0.000     0.000 r  clock (IN)
                         net (fo=0)                   0.000     0.000    clock
    Y11                  IBUF (Prop_ibuf_I_O)         0.235     0.235 r  clock_IBUF_inst/O
                         net (fo=1, routed)           0.843     1.078    clock_IBUF
    BUFGCTRL_X0Y0        BUFG (Prop_bufg_I_O)         0.026     1.104 r  clock_IBUF_BUFG_inst/O
                         net (fo=11921, routed)       0.683     1.787    Top/RKMod1/k_block/func__xdcDup__3/fpu_mul__6/<hidden>/<hidden>/<hidden>
    SLICE_X39Y99         FDRE                                         r  Top/RKMod1/k_block/func__xdcDup__3/fpu_mul__6/<hidden>/<hidden>/<hidden>
  -------------------------------------------------------------------    -------------------
    SLICE_X39Y99         FDRE (Prop_fdre_C_Q)         0.141     1.928 r  Top/RKMod1/k_block/func__xdcDup__3/fpu_mul__6/<hidden>/<hidden>/<hidden>
                         net (fo=4, routed)           0.141     2.069    Top/RKMod1/k_block/func__xdcDup__3/fpu_mul__6/<hidden>/<hidden>/<hidden>
    SLICE_X40Y100        LUT2 (Prop_lut2_I0_O)        0.045     2.114 r  Top/RKMod1/k_block/func__xdcDup__3/fpu_mul__6/<hidden>/<hidden>/<hidden>
                         net (fo=1, routed)           0.000     2.114    Top/RKMod1/k_block/func__xdcDup__3/fpu_mul__6/<hidden>/<hidden>/<hidden>/<hidden>/<hidden>
    SLICE_X40Y100        CARRY4 (Prop_carry4_S[0]_O[0])
                                                      0.070     2.184 r  Top/RKMod1/k_block/func__xdcDup__3/fpu_mul__6/<hidden>/<hidden>/<hidden>/<hidden>/<hidden>
                         net (fo=1, routed)           0.000     2.184    Top/RKMod1/k_block/func__xdcDup__3/fpu_mul__6/<hidden>/<hidden>/<hidden>/<hidden>/<hidden>/<hidden>/<hidden>
    SLICE_X40Y100        FDRE                                         r  Top/RKMod1/k_block/func__xdcDup__3/fpu_mul__6/<hidden>/<hidden>/<hidden>/<hidden>/<hidden>/<hidden>/<hidden>
  -------------------------------------------------------------------    -------------------

                         (clock sys_clk rise edge)    0.000     0.000 r  
    Y11                                               0.000     0.000 r  clock (IN)
                         net (fo=0)                   0.000     0.000    clock
    Y11                  IBUF (Prop_ibuf_I_O)         0.424     0.424 r  clock_IBUF_inst/O
                         net (fo=1, routed)           0.910     1.334    clock_IBUF
    BUFGCTRL_X0Y0        BUFG (Prop_bufg_I_O)         0.029     1.363 r  clock_IBUF_BUFG_inst/O
                         net (fo=11921, routed)       0.889     2.252    Top/RKMod1/k_block/func__xdcDup__3/fpu_mul__6/<hidden>/<hidden>/<hidden>/<hidden>/<hidden>/<hidden>/<hidden>
    SLICE_X40Y100        FDRE                                         r  Top/RKMod1/k_block/func__xdcDup__3/fpu_mul__6/<hidden>/<hidden>/<hidden>/<hidden>/<hidden>/<hidden>/<hidden>
                         clock pessimism             -0.265     1.987    
    SLICE_X40Y100        FDRE (Hold_fdre_C_D)         0.134     2.121    Top/RKMod1/k_block/func__xdcDup__3/fpu_mul__6/<hidden>/<hidden>/<hidden>/<hidden>/<hidden>/<hidden>/<hidden>
  -------------------------------------------------------------------
                         required time                         -2.121    
                         arrival time                           2.184    
  -------------------------------------------------------------------
                         slack                                  0.063    

Slack (MET) :             0.063ns  (arrival time - required time)
  Source:                 Top/RKMod1/fpu_fused/<hidden>/<hidden>/<hidden>/<hidden>/<hidden>/<hidden>/<hidden>/<hidden>/<hidden>/<hidden>
                            (rising edge-triggered cell FDRE clocked by sys_clk  {rise@0.000ns fall@5.000ns period=10.000ns})
  Destination:            Top/RKMod1/fpu_fused/<hidden>/<hidden>/<hidden>/<hidden>/<hidden>/<hidden>/<hidden>/<hidden>/<hidden>/<hidden>
                            (rising edge-triggered cell SRL16E clocked by sys_clk  {rise@0.000ns fall@5.000ns period=10.000ns})
  Path Group:             sys_clk
  Path Type:              Hold (Min at Fast Process Corner)
  Requirement:            0.000ns  (sys_clk rise@0.000ns - sys_clk rise@0.000ns)
  Data Path Delay:        0.262ns  (logic 0.164ns (62.670%)  route 0.098ns (37.330%))
  Logic Levels:           0  
  Clock Path Skew:        0.016ns (DCD - SCD - CPR)
    Destination Clock Delay (DCD):    2.211ns
    Source Clock Delay      (SCD):    1.680ns
    Clock Pessimism Removal (CPR):    0.515ns

    Location             Delay type                Incr(ns)  Path(ns)    Netlist Resource(s)
  -------------------------------------------------------------------    -------------------
                         (clock sys_clk rise edge)    0.000     0.000 r  
    Y11                                               0.000     0.000 r  clock (IN)
                         net (fo=0)                   0.000     0.000    clock
    Y11                  IBUF (Prop_ibuf_I_O)         0.235     0.235 r  clock_IBUF_inst/O
                         net (fo=1, routed)           0.843     1.078    clock_IBUF
    BUFGCTRL_X0Y0        BUFG (Prop_bufg_I_O)         0.026     1.104 r  clock_IBUF_BUFG_inst/O
                         net (fo=11921, routed)       0.577     1.680    Top/RKMod1/fpu_fused/<hidden>/<hidden>/<hidden>/<hidden>/<hidden>/<hidden>/<hidden>/<hidden>/<hidden>/<hidden>
    SLICE_X70Y146        FDRE                                         r  Top/RKMod1/fpu_fused/<hidden>/<hidden>/<hidden>/<hidden>/<hidden>/<hidden>/<hidden>/<hidden>/<hidden>/<hidden>
  -------------------------------------------------------------------    -------------------
    SLICE_X70Y146        FDRE (Prop_fdre_C_Q)         0.164     1.844 r  Top/RKMod1/fpu_fused/<hidden>/<hidden>/<hidden>/<hidden>/<hidden>/<hidden>/<hidden>/<hidden>/<hidden>/<hidden>
                         net (fo=1, routed)           0.098     1.942    Top/RKMod1/fpu_fused/<hidden>/<hidden>/<hidden>/<hidden>/<hidden>/<hidden>/<hidden>/<hidden>/<hidden>/<hidden>
    SLICE_X72Y145        SRL16E                                       r  Top/RKMod1/fpu_fused/<hidden>/<hidden>/<hidden>/<hidden>/<hidden>/<hidden>/<hidden>/<hidden>/<hidden>/<hidden>
  -------------------------------------------------------------------    -------------------

                         (clock sys_clk rise edge)    0.000     0.000 r  
    Y11                                               0.000     0.000 r  clock (IN)
                         net (fo=0)                   0.000     0.000    clock
    Y11                  IBUF (Prop_ibuf_I_O)         0.424     0.424 r  clock_IBUF_inst/O
                         net (fo=1, routed)           0.910     1.334    clock_IBUF
    BUFGCTRL_X0Y0        BUFG (Prop_bufg_I_O)         0.029     1.363 r  clock_IBUF_BUFG_inst/O
                         net (fo=11921, routed)       0.848     2.211    Top/RKMod1/fpu_fused/<hidden>/<hidden>/<hidden>/<hidden>/<hidden>/<hidden>/<hidden>/<hidden>/<hidden>/<hidden>
    SLICE_X72Y145        SRL16E                                       r  Top/RKMod1/fpu_fused/<hidden>/<hidden>/<hidden>/<hidden>/<hidden>/<hidden>/<hidden>/<hidden>/<hidden>/<hidden>
                         clock pessimism             -0.515     1.696    
    SLICE_X72Y145        SRL16E (Hold_srl16e_CLK_D)
                                                      0.183     1.879    Top/RKMod1/fpu_fused/<hidden>/<hidden>/<hidden>/<hidden>/<hidden>/<hidden>/<hidden>/<hidden>/<hidden>/<hidden>
  -------------------------------------------------------------------
                         required time                         -1.879    
                         arrival time                           1.942    
  -------------------------------------------------------------------
                         slack                                  0.063    

Slack (MET) :             0.064ns  (arrival time - required time)
  Source:                 Top/RKMod1/k_block/func__xdcDup__1/fpu_add__4/<hidden>/<hidden>/<hidden>/<hidden>/<hidden>/<hidden>/<hidden>
                            (rising edge-triggered cell FDRE clocked by sys_clk  {rise@0.000ns fall@5.000ns period=10.000ns})
  Destination:            Top/RKMod1/k_block/func__xdcDup__1/fpu_add__4/<hidden>/<hidden>/<hidden>/<hidden>/<hidden>/<hidden>/<hidden>
                            (rising edge-triggered cell SRL16E clocked by sys_clk  {rise@0.000ns fall@5.000ns period=10.000ns})
  Path Group:             sys_clk
  Path Type:              Hold (Min at Fast Process Corner)
  Requirement:            0.000ns  (sys_clk rise@0.000ns - sys_clk rise@0.000ns)
  Data Path Delay:        0.281ns  (logic 0.164ns (58.422%)  route 0.117ns (41.578%))
  Logic Levels:           0  
  Clock Path Skew:        0.034ns (DCD - SCD - CPR)
    Destination Clock Delay (DCD):    2.209ns
    Source Clock Delay      (SCD):    1.681ns
    Clock Pessimism Removal (CPR):    0.494ns

    Location             Delay type                Incr(ns)  Path(ns)    Netlist Resource(s)
  -------------------------------------------------------------------    -------------------
                         (clock sys_clk rise edge)    0.000     0.000 r  
    Y11                                               0.000     0.000 r  clock (IN)
                         net (fo=0)                   0.000     0.000    clock
    Y11                  IBUF (Prop_ibuf_I_O)         0.235     0.235 r  clock_IBUF_inst/O
                         net (fo=1, routed)           0.843     1.078    clock_IBUF
    BUFGCTRL_X0Y0        BUFG (Prop_bufg_I_O)         0.026     1.104 r  clock_IBUF_BUFG_inst/O
                         net (fo=11921, routed)       0.578     1.681    Top/RKMod1/k_block/func__xdcDup__1/fpu_add__4/<hidden>/<hidden>/<hidden>/<hidden>/<hidden>/<hidden>/<hidden>
    SLICE_X42Y130        FDRE                                         r  Top/RKMod1/k_block/func__xdcDup__1/fpu_add__4/<hidden>/<hidden>/<hidden>/<hidden>/<hidden>/<hidden>/<hidden>
  -------------------------------------------------------------------    -------------------
    SLICE_X42Y130        FDRE (Prop_fdre_C_Q)         0.164     1.845 r  Top/RKMod1/k_block/func__xdcDup__1/fpu_add__4/<hidden>/<hidden>/<hidden>/<hidden>/<hidden>/<hidden>/<hidden>
                         net (fo=1, routed)           0.117     1.962    Top/RKMod1/k_block/func__xdcDup__1/fpu_add__4/<hidden>/<hidden>/<hidden>/<hidden>/<hidden>/<hidden>/<hidden>
    SLICE_X44Y129        SRL16E                                       r  Top/RKMod1/k_block/func__xdcDup__1/fpu_add__4/<hidden>/<hidden>/<hidden>/<hidden>/<hidden>/<hidden>/<hidden>
  -------------------------------------------------------------------    -------------------

                         (clock sys_clk rise edge)    0.000     0.000 r  
    Y11                                               0.000     0.000 r  clock (IN)
                         net (fo=0)                   0.000     0.000    clock
    Y11                  IBUF (Prop_ibuf_I_O)         0.424     0.424 r  clock_IBUF_inst/O
                         net (fo=1, routed)           0.910     1.334    clock_IBUF
    BUFGCTRL_X0Y0        BUFG (Prop_bufg_I_O)         0.029     1.363 r  clock_IBUF_BUFG_inst/O
                         net (fo=11921, routed)       0.846     2.209    Top/RKMod1/k_block/func__xdcDup__1/fpu_add__4/<hidden>/<hidden>/<hidden>/<hidden>/<hidden>/<hidden>/<hidden>
    SLICE_X44Y129        SRL16E                                       r  Top/RKMod1/k_block/func__xdcDup__1/fpu_add__4/<hidden>/<hidden>/<hidden>/<hidden>/<hidden>/<hidden>/<hidden>
                         clock pessimism             -0.494     1.715    
    SLICE_X44Y129        SRL16E (Hold_srl16e_CLK_D)
                                                      0.183     1.898    Top/RKMod1/k_block/func__xdcDup__1/fpu_add__4/<hidden>/<hidden>/<hidden>/<hidden>/<hidden>/<hidden>/<hidden>
  -------------------------------------------------------------------
                         required time                         -1.898    
                         arrival time                           1.962    
  -------------------------------------------------------------------
                         slack                                  0.064    

Slack (MET) :             0.066ns  (arrival time - required time)
  Source:                 Top/RKMod1/k_block/fpu_fused__2/<hidden>/<hidden>/<hidden>/<hidden>/<hidden>/<hidden>/<hidden>/<hidden>
                            (rising edge-triggered cell FDRE clocked by sys_clk  {rise@0.000ns fall@5.000ns period=10.000ns})
  Destination:            Top/RKMod1/k_block/fpu_fused__2/<hidden>/<hidden>/<hidden>/<hidden>/<hidden>/<hidden>/<hidden>/<hidden>
                            (rising edge-triggered cell SRL16E clocked by sys_clk  {rise@0.000ns fall@5.000ns period=10.000ns})
  Path Group:             sys_clk
  Path Type:              Hold (Min at Fast Process Corner)
  Requirement:            0.000ns  (sys_clk rise@0.000ns - sys_clk rise@0.000ns)
  Data Path Delay:        0.196ns  (logic 0.141ns (71.991%)  route 0.055ns (28.009%))
  Logic Levels:           0  
  Clock Path Skew:        0.013ns (DCD - SCD - CPR)
    Destination Clock Delay (DCD):    2.212ns
    Source Clock Delay      (SCD):    1.682ns
    Clock Pessimism Removal (CPR):    0.517ns

    Location             Delay type                Incr(ns)  Path(ns)    Netlist Resource(s)
  -------------------------------------------------------------------    -------------------
                         (clock sys_clk rise edge)    0.000     0.000 r  
    Y11                                               0.000     0.000 r  clock (IN)
                         net (fo=0)                   0.000     0.000    clock
    Y11                  IBUF (Prop_ibuf_I_O)         0.235     0.235 r  clock_IBUF_inst/O
                         net (fo=1, routed)           0.843     1.078    clock_IBUF
    BUFGCTRL_X0Y0        BUFG (Prop_bufg_I_O)         0.026     1.104 r  clock_IBUF_BUFG_inst/O
                         net (fo=11921, routed)       0.579     1.682    Top/RKMod1/k_block/fpu_fused__2/<hidden>/<hidden>/<hidden>/<hidden>/<hidden>/<hidden>/<hidden>/<hidden>
    SLICE_X61Y113        FDRE                                         r  Top/RKMod1/k_block/fpu_fused__2/<hidden>/<hidden>/<hidden>/<hidden>/<hidden>/<hidden>/<hidden>/<hidden>
  -------------------------------------------------------------------    -------------------
    SLICE_X61Y113        FDRE (Prop_fdre_C_Q)         0.141     1.823 r  Top/RKMod1/k_block/fpu_fused__2/<hidden>/<hidden>/<hidden>/<hidden>/<hidden>/<hidden>/<hidden>/<hidden>
                         net (fo=1, routed)           0.055     1.878    Top/RKMod1/k_block/fpu_fused__2/<hidden>/<hidden>/<hidden>/<hidden>/<hidden>/<hidden>/<hidden>/<hidden>
    SLICE_X60Y113        SRL16E                                       r  Top/RKMod1/k_block/fpu_fused__2/<hidden>/<hidden>/<hidden>/<hidden>/<hidden>/<hidden>/<hidden>/<hidden>
  -------------------------------------------------------------------    -------------------

                         (clock sys_clk rise edge)    0.000     0.000 r  
    Y11                                               0.000     0.000 r  clock (IN)
                         net (fo=0)                   0.000     0.000    clock
    Y11                  IBUF (Prop_ibuf_I_O)         0.424     0.424 r  clock_IBUF_inst/O
                         net (fo=1, routed)           0.910     1.334    clock_IBUF
    BUFGCTRL_X0Y0        BUFG (Prop_bufg_I_O)         0.029     1.363 r  clock_IBUF_BUFG_inst/O
                         net (fo=11921, routed)       0.849     2.212    Top/RKMod1/k_block/fpu_fused__2/<hidden>/<hidden>/<hidden>/<hidden>/<hidden>/<hidden>/<hidden>/<hidden>
    SLICE_X60Y113        SRL16E                                       r  Top/RKMod1/k_block/fpu_fused__2/<hidden>/<hidden>/<hidden>/<hidden>/<hidden>/<hidden>/<hidden>/<hidden>
                         clock pessimism             -0.517     1.695    
    SLICE_X60Y113        SRL16E (Hold_srl16e_CLK_D)
                                                      0.117     1.812    Top/RKMod1/k_block/fpu_fused__2/<hidden>/<hidden>/<hidden>/<hidden>/<hidden>/<hidden>/<hidden>/<hidden>
  -------------------------------------------------------------------
                         required time                         -1.812    
                         arrival time                           1.878    
  -------------------------------------------------------------------
                         slack                                  0.066    

Slack (MET) :             0.066ns  (arrival time - required time)
  Source:                 Top/RKMod1/fpu_fused/<hidden>/<hidden>/<hidden>/<hidden>/<hidden>/<hidden>/<hidden>/<hidden>
                            (rising edge-triggered cell FDRE clocked by sys_clk  {rise@0.000ns fall@5.000ns period=10.000ns})
  Destination:            Top/RKMod1/fpu_fused/<hidden>/<hidden>/<hidden>/<hidden>/<hidden>/<hidden>/<hidden>/<hidden>
                            (rising edge-triggered cell SRL16E clocked by sys_clk  {rise@0.000ns fall@5.000ns period=10.000ns})
  Path Group:             sys_clk
  Path Type:              Hold (Min at Fast Process Corner)
  Requirement:            0.000ns  (sys_clk rise@0.000ns - sys_clk rise@0.000ns)
  Data Path Delay:        0.196ns  (logic 0.141ns (71.991%)  route 0.055ns (28.009%))
  Logic Levels:           0  
  Clock Path Skew:        0.013ns (DCD - SCD - CPR)
    Destination Clock Delay (DCD):    2.209ns
    Source Clock Delay      (SCD):    1.678ns
    Clock Pessimism Removal (CPR):    0.518ns

    Location             Delay type                Incr(ns)  Path(ns)    Netlist Resource(s)
  -------------------------------------------------------------------    -------------------
                         (clock sys_clk rise edge)    0.000     0.000 r  
    Y11                                               0.000     0.000 r  clock (IN)
                         net (fo=0)                   0.000     0.000    clock
    Y11                  IBUF (Prop_ibuf_I_O)         0.235     0.235 r  clock_IBUF_inst/O
                         net (fo=1, routed)           0.843     1.078    clock_IBUF
    BUFGCTRL_X0Y0        BUFG (Prop_bufg_I_O)         0.026     1.104 r  clock_IBUF_BUFG_inst/O
                         net (fo=11921, routed)       0.575     1.678    Top/RKMod1/fpu_fused/<hidden>/<hidden>/<hidden>/<hidden>/<hidden>/<hidden>/<hidden>/<hidden>
    SLICE_X73Y139        FDRE                                         r  Top/RKMod1/fpu_fused/<hidden>/<hidden>/<hidden>/<hidden>/<hidden>/<hidden>/<hidden>/<hidden>
  -------------------------------------------------------------------    -------------------
    SLICE_X73Y139        FDRE (Prop_fdre_C_Q)         0.141     1.819 r  Top/RKMod1/fpu_fused/<hidden>/<hidden>/<hidden>/<hidden>/<hidden>/<hidden>/<hidden>/<hidden>
                         net (fo=1, routed)           0.055     1.874    Top/RKMod1/fpu_fused/<hidden>/<hidden>/<hidden>/<hidden>/<hidden>/<hidden>/<hidden>/<hidden>
    SLICE_X72Y139        SRL16E                                       r  Top/RKMod1/fpu_fused/<hidden>/<hidden>/<hidden>/<hidden>/<hidden>/<hidden>/<hidden>/<hidden>
  -------------------------------------------------------------------    -------------------

                         (clock sys_clk rise edge)    0.000     0.000 r  
    Y11                                               0.000     0.000 r  clock (IN)
                         net (fo=0)                   0.000     0.000    clock
    Y11                  IBUF (Prop_ibuf_I_O)         0.424     0.424 r  clock_IBUF_inst/O
                         net (fo=1, routed)           0.910     1.334    clock_IBUF
    BUFGCTRL_X0Y0        BUFG (Prop_bufg_I_O)         0.029     1.363 r  clock_IBUF_BUFG_inst/O
                         net (fo=11921, routed)       0.846     2.209    Top/RKMod1/fpu_fused/<hidden>/<hidden>/<hidden>/<hidden>/<hidden>/<hidden>/<hidden>/<hidden>
    SLICE_X72Y139        SRL16E                                       r  Top/RKMod1/fpu_fused/<hidden>/<hidden>/<hidden>/<hidden>/<hidden>/<hidden>/<hidden>/<hidden>
                         clock pessimism             -0.518     1.691    
    SLICE_X72Y139        SRL16E (Hold_srl16e_CLK_D)
                                                      0.117     1.808    Top/RKMod1/fpu_fused/<hidden>/<hidden>/<hidden>/<hidden>/<hidden>/<hidden>/<hidden>/<hidden>
  -------------------------------------------------------------------
                         required time                         -1.808    
                         arrival time                           1.874    
  -------------------------------------------------------------------
                         slack                                  0.066    

Slack (MET) :             0.073ns  (arrival time - required time)
  Source:                 Top/RKMod1/k_block/fpu_fused__2/<hidden>/<hidden>/<hidden>/<hidden>/<hidden>/<hidden>/<hidden>/<hidden>/<hidden>/<hidden>
                            (rising edge-triggered cell FDRE clocked by sys_clk  {rise@0.000ns fall@5.000ns period=10.000ns})
  Destination:            Top/RKMod1/k_block/fpu_fused__2/<hidden>/<hidden>/<hidden>/<hidden>/<hidden>/<hidden>/<hidden>/<hidden>/<hidden>/<hidden>
                            (rising edge-triggered cell SRL16E clocked by sys_clk  {rise@0.000ns fall@5.000ns period=10.000ns})
  Path Group:             sys_clk
  Path Type:              Hold (Min at Fast Process Corner)
  Requirement:            0.000ns  (sys_clk rise@0.000ns - sys_clk rise@0.000ns)
  Data Path Delay:        0.271ns  (logic 0.164ns (60.439%)  route 0.107ns (39.561%))
  Logic Levels:           0  
  Clock Path Skew:        0.015ns (DCD - SCD - CPR)
    Destination Clock Delay (DCD):    2.204ns
    Source Clock Delay      (SCD):    1.674ns
    Clock Pessimism Removal (CPR):    0.515ns

    Location             Delay type                Incr(ns)  Path(ns)    Netlist Resource(s)
  -------------------------------------------------------------------    -------------------
                         (clock sys_clk rise edge)    0.000     0.000 r  
    Y11                                               0.000     0.000 r  clock (IN)
                         net (fo=0)                   0.000     0.000    clock
    Y11                  IBUF (Prop_ibuf_I_O)         0.235     0.235 r  clock_IBUF_inst/O
                         net (fo=1, routed)           0.843     1.078    clock_IBUF
    BUFGCTRL_X0Y0        BUFG (Prop_bufg_I_O)         0.026     1.104 r  clock_IBUF_BUFG_inst/O
                         net (fo=11921, routed)       0.571     1.674    Top/RKMod1/k_block/fpu_fused__2/<hidden>/<hidden>/<hidden>/<hidden>/<hidden>/<hidden>/<hidden>/<hidden>/<hidden>/<hidden>
    SLICE_X68Y118        FDRE                                         r  Top/RKMod1/k_block/fpu_fused__2/<hidden>/<hidden>/<hidden>/<hidden>/<hidden>/<hidden>/<hidden>/<hidden>/<hidden>/<hidden>
  -------------------------------------------------------------------    -------------------
    SLICE_X68Y118        FDRE (Prop_fdre_C_Q)         0.164     1.838 r  Top/RKMod1/k_block/fpu_fused__2/<hidden>/<hidden>/<hidden>/<hidden>/<hidden>/<hidden>/<hidden>/<hidden>/<hidden>/<hidden>
                         net (fo=1, routed)           0.107     1.945    Top/RKMod1/k_block/fpu_fused__2/<hidden>/<hidden>/<hidden>/<hidden>/<hidden>/<hidden>/<hidden>/<hidden>/<hidden>/<hidden>
    SLICE_X68Y117        SRL16E                                       r  Top/RKMod1/k_block/fpu_fused__2/<hidden>/<hidden>/<hidden>/<hidden>/<hidden>/<hidden>/<hidden>/<hidden>/<hidden>/<hidden>
  -------------------------------------------------------------------    -------------------

                         (clock sys_clk rise edge)    0.000     0.000 r  
    Y11                                               0.000     0.000 r  clock (IN)
                         net (fo=0)                   0.000     0.000    clock
    Y11                  IBUF (Prop_ibuf_I_O)         0.424     0.424 r  clock_IBUF_inst/O
                         net (fo=1, routed)           0.910     1.334    clock_IBUF
    BUFGCTRL_X0Y0        BUFG (Prop_bufg_I_O)         0.029     1.363 r  clock_IBUF_BUFG_inst/O
                         net (fo=11921, routed)       0.841     2.204    Top/RKMod1/k_block/fpu_fused__2/<hidden>/<hidden>/<hidden>/<hidden>/<hidden>/<hidden>/<hidden>/<hidden>/<hidden>/<hidden>
    SLICE_X68Y117        SRL16E                                       r  Top/RKMod1/k_block/fpu_fused__2/<hidden>/<hidden>/<hidden>/<hidden>/<hidden>/<hidden>/<hidden>/<hidden>/<hidden>/<hidden>
                         clock pessimism             -0.515     1.689    
    SLICE_X68Y117        SRL16E (Hold_srl16e_CLK_D)
                                                      0.183     1.872    Top/RKMod1/k_block/fpu_fused__2/<hidden>/<hidden>/<hidden>/<hidden>/<hidden>/<hidden>/<hidden>/<hidden>/<hidden>/<hidden>
  -------------------------------------------------------------------
                         required time                         -1.872    
                         arrival time                           1.945    
  -------------------------------------------------------------------
                         slack                                  0.073    





Pulse Width Checks
--------------------------------------------------------------------------------------
Clock Name:         sys_clk
Waveform(ns):       { 0.000 5.000 }
Period(ns):         10.000
Sources:            { clock }

Check Type        Corner  Lib Pin      Reference Pin  Required(ns)  Actual(ns)  Slack(ns)  Location       Pin
Min Period        n/a     DSP48E1/CLK  n/a            1.881         10.000      8.119      DSP48_X2Y51    Top/RKMod1/k_block/func__xdcDup__1/fpu_add__4/<hidden>/<hidden>/<hidden>/<hidden>/<hidden>/<hidden>
Min Period        n/a     DSP48E1/CLK  n/a            1.881         10.000      8.119      DSP48_X1Y45    Top/RKMod1/k_block/func__xdcDup__1/fpu_sub__4/<hidden>/<hidden>/<hidden>/<hidden>/<hidden>/<hidden>
Min Period        n/a     DSP48E1/CLK  n/a            1.881         10.000      8.119      DSP48_X2Y48    Top/RKMod1/k_block/func__xdcDup__1/fpu_mul__4/<hidden>/<hidden>/<hidden>/<hidden>/<hidden>/<hidden>/<hidden>
Min Period        n/a     DSP48E1/CLK  n/a            1.881         10.000      8.119      DSP48_X2Y49    Top/RKMod1/k_block/func__xdcDup__1/fpu_mul__4/<hidden>/<hidden>/<hidden>/<hidden>/<hidden>/<hidden>/<hidden>
Min Period        n/a     DSP48E1/CLK  n/a            1.881         10.000      8.119      DSP48_X3Y37    Top/RKMod1/k_block/func__xdcDup__2/fpu_add__6/<hidden>/<hidden>/<hidden>/<hidden>/<hidden>/<hidden>
Min Period        n/a     DSP48E1/CLK  n/a            1.881         10.000      8.119      DSP48_X3Y35    Top/RKMod1/k_block/func__xdcDup__2/fpu_sub__5/<hidden>/<hidden>/<hidden>/<hidden>/<hidden>/<hidden>
Min Period        n/a     DSP48E1/CLK  n/a            1.881         10.000      8.119      DSP48_X3Y40    Top/RKMod1/k_block/func__xdcDup__2/fpu_mul__5/<hidden>/<hidden>/<hidden>/<hidden>/<hidden>/<hidden>/<hidden>
Min Period        n/a     DSP48E1/CLK  n/a            1.881         10.000      8.119      DSP48_X3Y41    Top/RKMod1/k_block/func__xdcDup__2/fpu_mul__5/<hidden>/<hidden>/<hidden>/<hidden>/<hidden>/<hidden>/<hidden>
Min Period        n/a     DSP48E1/CLK  n/a            1.881         10.000      8.119      DSP48_X2Y36    Top/RKMod1/k_block/func__xdcDup__3/fpu_add__7/<hidden>/<hidden>/<hidden>/<hidden>/<hidden>/<hidden>
Min Period        n/a     DSP48E1/CLK  n/a            1.881         10.000      8.119      DSP48_X1Y37    Top/RKMod1/k_block/func__xdcDup__3/fpu_sub__6/<hidden>/<hidden>/<hidden>/<hidden>/<hidden>/<hidden>
Low Pulse Width   Slow    SRL16E/CLK   n/a            0.770         5.000       4.230      SLICE_X44Y126  Top/RKMod1/k_block/func__xdcDup__1/fpu_add__4/<hidden>/<hidden>/<hidden>/<hidden>/<hidden>/<hidden>/<hidden>
Low Pulse Width   Fast    SRL16E/CLK   n/a            0.770         5.000       4.230      SLICE_X44Y126  Top/RKMod1/k_block/func__xdcDup__1/fpu_add__4/<hidden>/<hidden>/<hidden>/<hidden>/<hidden>/<hidden>/<hidden>
Low Pulse Width   Slow    SRL16E/CLK   n/a            0.770         5.000       4.230      SLICE_X44Y126  Top/RKMod1/k_block/func__xdcDup__1/fpu_add__4/<hidden>/<hidden>/<hidden>/<hidden>/<hidden>/<hidden>/<hidden>
Low Pulse Width   Fast    SRL16E/CLK   n/a            0.770         5.000       4.230      SLICE_X44Y126  Top/RKMod1/k_block/func__xdcDup__1/fpu_add__4/<hidden>/<hidden>/<hidden>/<hidden>/<hidden>/<hidden>/<hidden>
Low Pulse Width   Slow    SRL16E/CLK   n/a            0.770         5.000       4.230      SLICE_X44Y129  Top/RKMod1/k_block/func__xdcDup__1/fpu_add__4/<hidden>/<hidden>/<hidden>/<hidden>/<hidden>/<hidden>/<hidden>
Low Pulse Width   Fast    SRL16E/CLK   n/a            0.770         5.000       4.230      SLICE_X44Y129  Top/RKMod1/k_block/func__xdcDup__1/fpu_add__4/<hidden>/<hidden>/<hidden>/<hidden>/<hidden>/<hidden>/<hidden>
Low Pulse Width   Slow    SRL16E/CLK   n/a            0.770         5.000       4.230      SLICE_X44Y129  Top/RKMod1/k_block/func__xdcDup__1/fpu_add__4/<hidden>/<hidden>/<hidden>/<hidden>/<hidden>/<hidden>/<hidden>
Low Pulse Width   Fast    SRL16E/CLK   n/a            0.770         5.000       4.230      SLICE_X44Y129  Top/RKMod1/k_block/func__xdcDup__1/fpu_add__4/<hidden>/<hidden>/<hidden>/<hidden>/<hidden>/<hidden>/<hidden>
Low Pulse Width   Slow    SRL16E/CLK   n/a            0.770         5.000       4.230      SLICE_X44Y129  Top/RKMod1/k_block/func__xdcDup__1/fpu_add__4/<hidden>/<hidden>/<hidden>/<hidden>/<hidden>/<hidden>/<hidden>
Low Pulse Width   Fast    SRL16E/CLK   n/a            0.770         5.000       4.230      SLICE_X44Y129  Top/RKMod1/k_block/func__xdcDup__1/fpu_add__4/<hidden>/<hidden>/<hidden>/<hidden>/<hidden>/<hidden>/<hidden>
High Pulse Width  Slow    SRL16E/CLK   n/a            0.770         5.000       4.230      SLICE_X44Y126  Top/RKMod1/k_block/func__xdcDup__1/fpu_add__4/<hidden>/<hidden>/<hidden>/<hidden>/<hidden>/<hidden>/<hidden>
High Pulse Width  Fast    SRL16E/CLK   n/a            0.770         5.000       4.230      SLICE_X44Y126  Top/RKMod1/k_block/func__xdcDup__1/fpu_add__4/<hidden>/<hidden>/<hidden>/<hidden>/<hidden>/<hidden>/<hidden>
High Pulse Width  Slow    SRL16E/CLK   n/a            0.770         5.000       4.230      SLICE_X44Y126  Top/RKMod1/k_block/func__xdcDup__1/fpu_add__4/<hidden>/<hidden>/<hidden>/<hidden>/<hidden>/<hidden>/<hidden>
High Pulse Width  Fast    SRL16E/CLK   n/a            0.770         5.000       4.230      SLICE_X44Y126  Top/RKMod1/k_block/func__xdcDup__1/fpu_add__4/<hidden>/<hidden>/<hidden>/<hidden>/<hidden>/<hidden>/<hidden>
High Pulse Width  Slow    SRL16E/CLK   n/a            0.770         5.000       4.230      SLICE_X44Y129  Top/RKMod1/k_block/func__xdcDup__1/fpu_add__4/<hidden>/<hidden>/<hidden>/<hidden>/<hidden>/<hidden>/<hidden>
High Pulse Width  Fast    SRL16E/CLK   n/a            0.770         5.000       4.230      SLICE_X44Y129  Top/RKMod1/k_block/func__xdcDup__1/fpu_add__4/<hidden>/<hidden>/<hidden>/<hidden>/<hidden>/<hidden>/<hidden>
High Pulse Width  Slow    SRL16E/CLK   n/a            0.770         5.000       4.230      SLICE_X44Y129  Top/RKMod1/k_block/func__xdcDup__1/fpu_add__4/<hidden>/<hidden>/<hidden>/<hidden>/<hidden>/<hidden>/<hidden>
High Pulse Width  Fast    SRL16E/CLK   n/a            0.770         5.000       4.230      SLICE_X44Y129  Top/RKMod1/k_block/func__xdcDup__1/fpu_add__4/<hidden>/<hidden>/<hidden>/<hidden>/<hidden>/<hidden>/<hidden>
High Pulse Width  Slow    SRL16E/CLK   n/a            0.770         5.000       4.230      SLICE_X44Y129  Top/RKMod1/k_block/func__xdcDup__1/fpu_add__4/<hidden>/<hidden>/<hidden>/<hidden>/<hidden>/<hidden>/<hidden>
High Pulse Width  Fast    SRL16E/CLK   n/a            0.770         5.000       4.230      SLICE_X44Y129  Top/RKMod1/k_block/func__xdcDup__1/fpu_add__4/<hidden>/<hidden>/<hidden>/<hidden>/<hidden>/<hidden>/<hidden>



--------------------------------------------------------------------------------------
Path Group:  (none)
From Clock:  
  To Clock:  

Max Delay            45 Endpoints
Min Delay            45 Endpoints
--------------------------------------------------------------------------------------


Max Delay Paths
--------------------------------------------------------------------------------------
Slack:                    inf
  Source:                 inst[14]
                            (input port)
  Destination:            initial
                            (output port)
  Path Group:             (none)
  Path Type:              Max at Slow Process Corner
  Data Path Delay:        10.902ns  (logic 3.251ns (29.817%)  route 7.652ns (70.183%))
  Logic Levels:           3  (IBUF=1 LUT3=1 OBUF=1)

    Location             Delay type                Incr(ns)  Path(ns)    Netlist Resource(s)
  -------------------------------------------------------------------    -------------------
    Y3                                                0.000     0.000 r  inst[14] (IN)
                         net (fo=0)                   0.000     0.000    inst[14]
    Y3                   IBUF (Prop_ibuf_I_O)         0.855     0.855 r  inst_IBUF[14]_inst/O
                         net (fo=57, routed)          5.452     6.307    inst_IBUF[14]
    SLICE_X12Y132        LUT3 (Prop_lut3_I0_O)        0.097     6.404 r  initial_INST_0_i_1/O
                         net (fo=1, routed)           2.199     8.604    initial_INST_0_i_1_n_0
    AA13                 OBUF (Prop_obuf_I_O)         2.299    10.902 r  initial_INST_0/O
                         net (fo=0)                   0.000    10.902    initial
    AA13                                                              r  initial (OUT)
  -------------------------------------------------------------------    -------------------

Slack:                    inf
  Source:                 inst[31]
                            (input port)
  Destination:            addr[11]
                            (output port)
  Path Group:             (none)
  Path Type:              Max at Slow Process Corner
  Data Path Delay:        9.341ns  (logic 3.108ns (33.274%)  route 6.233ns (66.726%))
  Logic Levels:           2  (IBUF=1 OBUF=1)

    Location             Delay type                Incr(ns)  Path(ns)    Netlist Resource(s)
  -------------------------------------------------------------------    -------------------
    T3                                                0.000     0.000 r  inst[31] (IN)
                         net (fo=0)                   0.000     0.000    inst[31]
    T3                   IBUF (Prop_ibuf_I_O)         0.840     0.840 r  inst_IBUF[31]_inst/O
                         net (fo=6, routed)           6.233     7.073    addr_OBUF[11]
    R22                  OBUF (Prop_obuf_I_O)         2.268     9.341 r  addr_OBUF[11]_inst/O
                         net (fo=0)                   0.000     9.341    addr[11]
    R22                                                               r  addr[11] (OUT)
  -------------------------------------------------------------------    -------------------

Slack:                    inf
  Source:                 inst[22]
                            (input port)
  Destination:            addr[2]
                            (output port)
  Path Group:             (none)
  Path Type:              Max at Slow Process Corner
  Data Path Delay:        8.953ns  (logic 3.127ns (34.924%)  route 5.826ns (65.076%))
  Logic Levels:           2  (IBUF=1 OBUF=1)

    Location             Delay type                Incr(ns)  Path(ns)    Netlist Resource(s)
  -------------------------------------------------------------------    -------------------
    W1                                                0.000     0.000 r  inst[22] (IN)
                         net (fo=0)                   0.000     0.000    inst[22]
    W1                   IBUF (Prop_ibuf_I_O)         0.852     0.852 r  inst_IBUF[22]_inst/O
                         net (fo=7, routed)           5.826     6.678    addr_OBUF[2]
    T19                  OBUF (Prop_obuf_I_O)         2.274     8.953 r  addr_OBUF[2]_inst/O
                         net (fo=0)                   0.000     8.953    addr[2]
    T19                                                               r  addr[2] (OUT)
  -------------------------------------------------------------------    -------------------

Slack:                    inf
  Source:                 inst[25]
                            (input port)
  Destination:            addr[5]
                            (output port)
  Path Group:             (none)
  Path Type:              Max at Slow Process Corner
  Data Path Delay:        8.951ns  (logic 3.113ns (34.780%)  route 5.838ns (65.220%))
  Logic Levels:           2  (IBUF=1 OBUF=1)

    Location             Delay type                Incr(ns)  Path(ns)    Netlist Resource(s)
  -------------------------------------------------------------------    -------------------
    R2                                                0.000     0.000 r  inst[25] (IN)
                         net (fo=0)                   0.000     0.000    inst[25]
    R2                   IBUF (Prop_ibuf_I_O)         0.831     0.831 r  inst_IBUF[25]_inst/O
                         net (fo=2, routed)           5.838     6.669    addr_OBUF[5]
    U21                  OBUF (Prop_obuf_I_O)         2.282     8.951 r  addr_OBUF[5]_inst/O
                         net (fo=0)                   0.000     8.951    addr[5]
    U21                                                               r  addr[5] (OUT)
  -------------------------------------------------------------------    -------------------

Slack:                    inf
  Source:                 inst[24]
                            (input port)
  Destination:            addr[4]
                            (output port)
  Path Group:             (none)
  Path Type:              Max at Slow Process Corner
  Data Path Delay:        8.915ns  (logic 3.106ns (34.841%)  route 5.809ns (65.159%))
  Logic Levels:           2  (IBUF=1 OBUF=1)

    Location             Delay type                Incr(ns)  Path(ns)    Netlist Resource(s)
  -------------------------------------------------------------------    -------------------
    W2                                                0.000     0.000 r  inst[24] (IN)
                         net (fo=0)                   0.000     0.000    inst[24]
    W2                   IBUF (Prop_ibuf_I_O)         0.853     0.853 r  inst_IBUF[24]_inst/O
                         net (fo=5, routed)           5.809     6.662    addr_OBUF[4]
    P19                  OBUF (Prop_obuf_I_O)         2.253     8.915 r  addr_OBUF[4]_inst/O
                         net (fo=0)                   0.000     8.915    addr[4]
    P19                                                               r  addr[4] (OUT)
  -------------------------------------------------------------------    -------------------

Slack:                    inf
  Source:                 inst[30]
                            (input port)
  Destination:            addr[10]
                            (output port)
  Path Group:             (none)
  Path Type:              Max at Slow Process Corner
  Data Path Delay:        8.905ns  (logic 3.096ns (34.770%)  route 5.809ns (65.230%))
  Logic Levels:           2  (IBUF=1 OBUF=1)

    Location             Delay type                Incr(ns)  Path(ns)    Netlist Resource(s)
  -------------------------------------------------------------------    -------------------
    T1                                                0.000     0.000 r  inst[30] (IN)
                         net (fo=0)                   0.000     0.000    inst[30]
    T1                   IBUF (Prop_ibuf_I_O)         0.837     0.837 r  inst_IBUF[30]_inst/O
                         net (fo=2, routed)           5.809     6.646    addr_OBUF[10]
    P21                  OBUF (Prop_obuf_I_O)         2.260     8.905 r  addr_OBUF[10]_inst/O
                         net (fo=0)                   0.000     8.905    addr[10]
    P21                                                               r  addr[10] (OUT)
  -------------------------------------------------------------------    -------------------

Slack:                    inf
  Source:                 inst[23]
                            (input port)
  Destination:            addr[3]
                            (output port)
  Path Group:             (none)
  Path Type:              Max at Slow Process Corner
  Data Path Delay:        8.818ns  (logic 3.120ns (35.380%)  route 5.698ns (64.620%))
  Logic Levels:           2  (IBUF=1 OBUF=1)

    Location             Delay type                Incr(ns)  Path(ns)    Netlist Resource(s)
  -------------------------------------------------------------------    -------------------
    Y2                                                0.000     0.000 r  inst[23] (IN)
                         net (fo=0)                   0.000     0.000    inst[23]
    Y2                   IBUF (Prop_ibuf_I_O)         0.861     0.861 r  inst_IBUF[23]_inst/O
                         net (fo=5, routed)           5.698     6.559    addr_OBUF[3]
    R19                  OBUF (Prop_obuf_I_O)         2.259     8.818 r  addr_OBUF[3]_inst/O
                         net (fo=0)                   0.000     8.818    addr[3]
    R19                                                               r  addr[3] (OUT)
  -------------------------------------------------------------------    -------------------

Slack:                    inf
  Source:                 inst[29]
                            (input port)
  Destination:            addr[9]
                            (output port)
  Path Group:             (none)
  Path Type:              Max at Slow Process Corner
  Data Path Delay:        8.810ns  (logic 3.112ns (35.322%)  route 5.698ns (64.678%))
  Logic Levels:           2  (IBUF=1 OBUF=1)

    Location             Delay type                Incr(ns)  Path(ns)    Netlist Resource(s)
  -------------------------------------------------------------------    -------------------
    U1                                                0.000     0.000 r  inst[29] (IN)
                         net (fo=0)                   0.000     0.000    inst[29]
    U1                   IBUF (Prop_ibuf_I_O)         0.843     0.843 r  inst_IBUF[29]_inst/O
                         net (fo=2, routed)           5.698     6.541    addr_OBUF[9]
    R21                  OBUF (Prop_obuf_I_O)         2.269     8.810 r  addr_OBUF[9]_inst/O
                         net (fo=0)                   0.000     8.810    addr[9]
    R21                                                               r  addr[9] (OUT)
  -------------------------------------------------------------------    -------------------

Slack:                    inf
  Source:                 inst[26]
                            (input port)
  Destination:            addr[6]
                            (output port)
  Path Group:             (none)
  Path Type:              Max at Slow Process Corner
  Data Path Delay:        8.803ns  (logic 3.104ns (35.267%)  route 5.698ns (64.733%))
  Logic Levels:           2  (IBUF=1 OBUF=1)

    Location             Delay type                Incr(ns)  Path(ns)    Netlist Resource(s)
  -------------------------------------------------------------------    -------------------
    R3                                                0.000     0.000 r  inst[26] (IN)
                         net (fo=0)                   0.000     0.000    inst[26]
    R3                   IBUF (Prop_ibuf_I_O)         0.830     0.830 r  inst_IBUF[26]_inst/O
                         net (fo=2, routed)           5.698     6.528    addr_OBUF[6]
    T21                  OBUF (Prop_obuf_I_O)         2.275     8.803 r  addr_OBUF[6]_inst/O
                         net (fo=0)                   0.000     8.803    addr[6]
    T21                                                               r  addr[6] (OUT)
  -------------------------------------------------------------------    -------------------

Slack:                    inf
  Source:                 inst[21]
                            (input port)
  Destination:            addr[1]
                            (output port)
  Path Group:             (none)
  Path Type:              Max at Slow Process Corner
  Data Path Delay:        7.724ns  (logic 3.135ns (40.581%)  route 4.590ns (59.419%))
  Logic Levels:           2  (IBUF=1 OBUF=1)

    Location             Delay type                Incr(ns)  Path(ns)    Netlist Resource(s)
  -------------------------------------------------------------------    -------------------
    Y1                                                0.000     0.000 r  inst[21] (IN)
                         net (fo=0)                   0.000     0.000    inst[21]
    Y1                   IBUF (Prop_ibuf_I_O)         0.862     0.862 r  inst_IBUF[21]_inst/O
                         net (fo=2, routed)           4.590     5.452    addr_OBUF[1]
    T20                  OBUF (Prop_obuf_I_O)         2.273     7.724 r  addr_OBUF[1]_inst/O
                         net (fo=0)                   0.000     7.724    addr[1]
    T20                                                               r  addr[1] (OUT)
  -------------------------------------------------------------------    -------------------





Min Delay Paths
--------------------------------------------------------------------------------------
Slack:                    inf
  Source:                 inst[17]
                            (input port)
  Destination:            uut2/wrdata_reg[0]/D
  Path Group:             (none)
  Path Type:              Min at Fast Process Corner
  Data Path Delay:        1.786ns  (logic 0.300ns (16.826%)  route 1.485ns (83.174%))
  Logic Levels:           2  (IBUF=1 LUT3=1)

    Location             Delay type                Incr(ns)  Path(ns)    Netlist Resource(s)
  -------------------------------------------------------------------    -------------------
    AB1                                               0.000     0.000 r  inst[17] (IN)
                         net (fo=0)                   0.000     0.000    inst[17]
    AB1                  IBUF (Prop_ibuf_I_O)         0.255     0.255 r  inst_IBUF[17]_inst/O
                         net (fo=7, routed)           1.485     1.741    uut2/inst_IBUF[5]
    SLICE_X84Y136        LUT3 (Prop_lut3_I2_O)        0.045     1.786 r  uut2/wrdata_reg[0]_i_1/O
                         net (fo=1, routed)           0.000     1.786    uut2/wrdata_reg[0]_i_1_n_0
    SLICE_X84Y136        LDCE                                         r  uut2/wrdata_reg[0]/D
  -------------------------------------------------------------------    -------------------

Slack:                    inf
  Source:                 inst[17]
                            (input port)
  Destination:            uut2/wrdata_reg[9]/D
  Path Group:             (none)
  Path Type:              Min at Fast Process Corner
  Data Path Delay:        1.790ns  (logic 0.300ns (16.789%)  route 1.489ns (83.211%))
  Logic Levels:           2  (IBUF=1 LUT2=1)

    Location             Delay type                Incr(ns)  Path(ns)    Netlist Resource(s)
  -------------------------------------------------------------------    -------------------
    AB1                                               0.000     0.000 r  inst[17] (IN)
                         net (fo=0)                   0.000     0.000    inst[17]
    AB1                  IBUF (Prop_ibuf_I_O)         0.255     0.255 r  inst_IBUF[17]_inst/O
                         net (fo=7, routed)           1.489     1.745    uut2/inst_IBUF[5]
    SLICE_X84Y136        LUT2 (Prop_lut2_I1_O)        0.045     1.790 r  uut2/wrdata_reg[9]_i_1/O
                         net (fo=1, routed)           0.000     1.790    uut2/wrdata_reg[9]_i_1_n_0
    SLICE_X84Y136        LDCE                                         r  uut2/wrdata_reg[9]/D
  -------------------------------------------------------------------    -------------------

Slack:                    inf
  Source:                 inst[17]
                            (input port)
  Destination:            uut2/wrdata_reg[4]/D
  Path Group:             (none)
  Path Type:              Min at Fast Process Corner
  Data Path Delay:        1.936ns  (logic 0.300ns (15.519%)  route 1.636ns (84.481%))
  Logic Levels:           2  (IBUF=1 LUT3=1)

    Location             Delay type                Incr(ns)  Path(ns)    Netlist Resource(s)
  -------------------------------------------------------------------    -------------------
    AB1                                               0.000     0.000 r  inst[17] (IN)
                         net (fo=0)                   0.000     0.000    inst[17]
    AB1                  IBUF (Prop_ibuf_I_O)         0.255     0.255 r  inst_IBUF[17]_inst/O
                         net (fo=7, routed)           1.636     1.891    uut2/inst_IBUF[5]
    SLICE_X82Y138        LUT3 (Prop_lut3_I1_O)        0.045     1.936 r  uut2/wrdata_reg[4]_i_1/O
                         net (fo=1, routed)           0.000     1.936    uut2/wrdata_reg[4]_i_1_n_0
    SLICE_X82Y138        LDCE                                         r  uut2/wrdata_reg[4]/D
  -------------------------------------------------------------------    -------------------

Slack:                    inf
  Source:                 inst[17]
                            (input port)
  Destination:            uut2/wrdata_reg[1]/D
  Path Group:             (none)
  Path Type:              Min at Fast Process Corner
  Data Path Delay:        1.978ns  (logic 0.300ns (15.189%)  route 1.678ns (84.811%))
  Logic Levels:           2  (IBUF=1 LUT2=1)

    Location             Delay type                Incr(ns)  Path(ns)    Netlist Resource(s)
  -------------------------------------------------------------------    -------------------
    AB1                                               0.000     0.000 r  inst[17] (IN)
                         net (fo=0)                   0.000     0.000    inst[17]
    AB1                  IBUF (Prop_ibuf_I_O)         0.255     0.255 r  inst_IBUF[17]_inst/O
                         net (fo=7, routed)           1.678     1.933    uut2/inst_IBUF[5]
    SLICE_X82Y138        LUT2 (Prop_lut2_I1_O)        0.045     1.978 r  uut2/wrdata_reg[1]_i_1/O
                         net (fo=1, routed)           0.000     1.978    uut2/wrdata_reg[1]_i_1_n_0
    SLICE_X82Y138        LDCE                                         r  uut2/wrdata_reg[1]/D
  -------------------------------------------------------------------    -------------------

Slack:                    inf
  Source:                 inst[16]
                            (input port)
  Destination:            uut2/wrdata_reg[5]/D
  Path Group:             (none)
  Path Type:              Min at Fast Process Corner
  Data Path Delay:        1.980ns  (logic 0.246ns (12.400%)  route 1.735ns (87.600%))
  Logic Levels:           1  (IBUF=1)

    Location             Delay type                Incr(ns)  Path(ns)    Netlist Resource(s)
  -------------------------------------------------------------------    -------------------
    AB3                                               0.000     0.000 r  inst[16] (IN)
                         net (fo=0)                   0.000     0.000    inst[16]
    AB3                  IBUF (Prop_ibuf_I_O)         0.246     0.246 r  inst_IBUF[16]_inst/O
                         net (fo=8, routed)           1.735     1.980    uut2/inst_IBUF[4]
    SLICE_X82Y137        LDCE                                         r  uut2/wrdata_reg[5]/D
  -------------------------------------------------------------------    -------------------

Slack:                    inf
  Source:                 inst[15]
                            (input port)
  Destination:            uut2/wrdata_reg[2]/D
  Path Group:             (none)
  Path Type:              Min at Fast Process Corner
  Data Path Delay:        1.992ns  (logic 0.298ns (14.982%)  route 1.693ns (85.018%))
  Logic Levels:           2  (IBUF=1 LUT2=1)

    Location             Delay type                Incr(ns)  Path(ns)    Netlist Resource(s)
  -------------------------------------------------------------------    -------------------
    AB2                                               0.000     0.000 r  inst[15] (IN)
                         net (fo=0)                   0.000     0.000    inst[15]
    AB2                  IBUF (Prop_ibuf_I_O)         0.253     0.253 r  inst_IBUF[15]_inst/O
                         net (fo=8, routed)           1.693     1.947    uut2/inst_IBUF[3]
    SLICE_X82Y138        LUT2 (Prop_lut2_I1_O)        0.045     1.992 r  uut2/wrdata_reg[2]_i_1/O
                         net (fo=1, routed)           0.000     1.992    uut2/wrdata_reg[2]_i_1_n_0
    SLICE_X82Y138        LDCE                                         r  uut2/wrdata_reg[2]/D
  -------------------------------------------------------------------    -------------------

Slack:                    inf
  Source:                 inst[17]
                            (input port)
  Destination:            uut2/wrdata_reg[7]/D
  Path Group:             (none)
  Path Type:              Min at Fast Process Corner
  Data Path Delay:        2.088ns  (logic 0.301ns (14.441%)  route 1.786ns (85.559%))
  Logic Levels:           2  (IBUF=1 LUT2=1)

    Location             Delay type                Incr(ns)  Path(ns)    Netlist Resource(s)
  -------------------------------------------------------------------    -------------------
    AB1                                               0.000     0.000 f  inst[17] (IN)
                         net (fo=0)                   0.000     0.000    inst[17]
    AB1                  IBUF (Prop_ibuf_I_O)         0.255     0.255 f  inst_IBUF[17]_inst/O
                         net (fo=7, routed)           1.678     1.933    uut2/inst_IBUF[5]
    SLICE_X82Y138        LUT2 (Prop_lut2_I1_O)        0.046     1.979 r  uut2/wrdata_reg[7]_i_1/O
                         net (fo=1, routed)           0.108     2.088    uut2/wrdata_reg[7]_i_1_n_0
    SLICE_X82Y137        LDCE                                         r  uut2/wrdata_reg[7]/D
  -------------------------------------------------------------------    -------------------

Slack:                    inf
  Source:                 inst[17]
                            (input port)
  Destination:            uut2/wrdata_reg[6]/D
  Path Group:             (none)
  Path Type:              Min at Fast Process Corner
  Data Path Delay:        2.111ns  (logic 0.297ns (14.094%)  route 1.813ns (85.906%))
  Logic Levels:           2  (IBUF=1 LUT3=1)

    Location             Delay type                Incr(ns)  Path(ns)    Netlist Resource(s)
  -------------------------------------------------------------------    -------------------
    AB1                                               0.000     0.000 f  inst[17] (IN)
                         net (fo=0)                   0.000     0.000    inst[17]
    AB1                  IBUF (Prop_ibuf_I_O)         0.255     0.255 f  inst_IBUF[17]_inst/O
                         net (fo=7, routed)           1.636     1.891    uut2/inst_IBUF[5]
    SLICE_X82Y138        LUT3 (Prop_lut3_I1_O)        0.042     1.933 r  uut2/wrdata_reg[6]_i_1/O
                         net (fo=1, routed)           0.178     2.111    uut2/wrdata_reg[6]_i_1_n_0
    SLICE_X82Y137        LDCE                                         r  uut2/wrdata_reg[6]/D
  -------------------------------------------------------------------    -------------------

Slack:                    inf
  Source:                 inst[15]
                            (input port)
  Destination:            uut2/wrdata_reg[8]/D
  Path Group:             (none)
  Path Type:              Min at Fast Process Corner
  Data Path Delay:        2.172ns  (logic 0.302ns (13.921%)  route 1.870ns (86.079%))
  Logic Levels:           2  (IBUF=1 LUT2=1)

    Location             Delay type                Incr(ns)  Path(ns)    Netlist Resource(s)
  -------------------------------------------------------------------    -------------------
    AB2                                               0.000     0.000 f  inst[15] (IN)
                         net (fo=0)                   0.000     0.000    inst[15]
    AB2                  IBUF (Prop_ibuf_I_O)         0.253     0.253 f  inst_IBUF[15]_inst/O
                         net (fo=8, routed)           1.693     1.947    uut2/inst_IBUF[3]
    SLICE_X82Y138        LUT2 (Prop_lut2_I1_O)        0.049     1.996 r  uut2/wrdata_reg[8]_i_1/O
                         net (fo=1, routed)           0.177     2.172    uut2/wrdata_reg[8]_i_1_n_0
    SLICE_X82Y138        LDCE                                         r  uut2/wrdata_reg[8]/D
  -------------------------------------------------------------------    -------------------

Slack:                    inf
  Source:                 inst[12]
                            (input port)
  Destination:            initial
                            (output port)
  Path Group:             (none)
  Path Type:              Min at Fast Process Corner
  Data Path Delay:        3.093ns  (logic 1.442ns (46.635%)  route 1.650ns (53.365%))
  Logic Levels:           3  (IBUF=1 LUT3=1 OBUF=1)

    Location             Delay type                Incr(ns)  Path(ns)    Netlist Resource(s)
  -------------------------------------------------------------------    -------------------
    P22                                               0.000     0.000 f  inst[12] (IN)
                         net (fo=0)                   0.000     0.000    inst[12]
    P22                  IBUF (Prop_ibuf_I_O)         0.206     0.206 f  inst_IBUF[12]_inst/O
                         net (fo=51, routed)          0.740     0.946    inst_IBUF[12]
    SLICE_X12Y132        LUT3 (Prop_lut3_I1_O)        0.045     0.991 r  initial_INST_0_i_1/O
                         net (fo=1, routed)           0.910     1.901    initial_INST_0_i_1_n_0
    AA13                 OBUF (Prop_obuf_I_O)         1.192     3.093 r  initial_INST_0/O
                         net (fo=0)                   0.000     3.093    initial
    AA13                                                              r  initial (OUT)
  -------------------------------------------------------------------    -------------------





--------------------------------------------------------------------------------------
Path Group:  (none)
From Clock:  sys_clk
  To Clock:  

Max Delay            64 Endpoints
Min Delay            64 Endpoints
--------------------------------------------------------------------------------------


Max Delay Paths
--------------------------------------------------------------------------------------
Slack:                    inf
  Source:                 Top/RKMod1/fpu_fused/<hidden>/<hidden>/<hidden>/<hidden>/<hidden>/<hidden>
                            (rising edge-triggered cell FDRE clocked by sys_clk  {rise@0.000ns fall@5.000ns period=10.000ns})
  Destination:            y_out[9]
                            (output port)
  Path Group:             (none)
  Path Type:              Max at Slow Process Corner
  Data Path Delay:        7.027ns  (logic 2.715ns (38.636%)  route 4.312ns (61.364%))
  Logic Levels:           1  (OBUF=1)
  Clock Uncertainty:      0.025ns  ((TSJ^2 + TIJ^2)^1/2 + DJ) / 2 + PE
    Total System Jitter     (TSJ):    0.050ns
    Total Input Jitter      (TIJ):    0.000ns
    Discrete Jitter          (DJ):    0.000ns
    Phase Error              (PE):    0.000ns

    Location             Delay type                Incr(ns)  Path(ns)    Netlist Resource(s)
  -------------------------------------------------------------------    -------------------
                         (clock sys_clk rise edge)    0.000     0.000 r  
    Y11                                               0.000     0.000 r  clock (IN)
                         net (fo=0)                   0.000     0.000    clock
    Y11                  IBUF (Prop_ibuf_I_O)         0.855     0.855 r  clock_IBUF_inst/O
                         net (fo=1, routed)           1.883     2.739    clock_IBUF
    BUFGCTRL_X0Y0        BUFG (Prop_bufg_I_O)         0.076     2.815 r  clock_IBUF_BUFG_inst/O
                         net (fo=11921, routed)       1.270     4.084    Top/RKMod1/fpu_fused/<hidden>/<hidden>/<hidden>/<hidden>/<hidden>/<hidden>
    SLICE_X63Y136        FDRE                                         r  Top/RKMod1/fpu_fused/<hidden>/<hidden>/<hidden>/<hidden>/<hidden>/<hidden>
  -------------------------------------------------------------------    -------------------
    SLICE_X63Y136        FDRE (Prop_fdre_C_Q)         0.313     4.397 r  Top/RKMod1/fpu_fused/<hidden>/<hidden>/<hidden>/<hidden>/<hidden>/<hidden>
                         net (fo=1, routed)           4.312     8.709    lopt_63
    AB6                  OBUF (Prop_obuf_I_O)         2.402    11.111 r  y_out_OBUF[9]_inst/O
                         net (fo=0)                   0.000    11.111    y_out[9]
    AB6                                                               r  y_out[9] (OUT)
  -------------------------------------------------------------------    -------------------

Slack:                    inf
  Source:                 Top/RKMod1/fpu_fused/<hidden>/<hidden>/<hidden>/<hidden>/<hidden>/<hidden>
                            (rising edge-triggered cell FDRE clocked by sys_clk  {rise@0.000ns fall@5.000ns period=10.000ns})
  Destination:            y_out[5]
                            (output port)
  Path Group:             (none)
  Path Type:              Max at Slow Process Corner
  Data Path Delay:        6.849ns  (logic 2.715ns (39.647%)  route 4.134ns (60.353%))
  Logic Levels:           1  (OBUF=1)
  Clock Uncertainty:      0.025ns  ((TSJ^2 + TIJ^2)^1/2 + DJ) / 2 + PE
    Total System Jitter     (TSJ):    0.050ns
    Total Input Jitter      (TIJ):    0.000ns
    Discrete Jitter          (DJ):    0.000ns
    Phase Error              (PE):    0.000ns

    Location             Delay type                Incr(ns)  Path(ns)    Netlist Resource(s)
  -------------------------------------------------------------------    -------------------
                         (clock sys_clk rise edge)    0.000     0.000 r  
    Y11                                               0.000     0.000 r  clock (IN)
                         net (fo=0)                   0.000     0.000    clock
    Y11                  IBUF (Prop_ibuf_I_O)         0.855     0.855 r  clock_IBUF_inst/O
                         net (fo=1, routed)           1.883     2.739    clock_IBUF
    BUFGCTRL_X0Y0        BUFG (Prop_bufg_I_O)         0.076     2.815 r  clock_IBUF_BUFG_inst/O
                         net (fo=11921, routed)       1.258     4.072    Top/RKMod1/fpu_fused/<hidden>/<hidden>/<hidden>/<hidden>/<hidden>/<hidden>
    SLICE_X69Y130        FDRE                                         r  Top/RKMod1/fpu_fused/<hidden>/<hidden>/<hidden>/<hidden>/<hidden>/<hidden>
  -------------------------------------------------------------------    -------------------
    SLICE_X69Y130        FDRE (Prop_fdre_C_Q)         0.313     4.385 r  Top/RKMod1/fpu_fused/<hidden>/<hidden>/<hidden>/<hidden>/<hidden>/<hidden>
                         net (fo=1, routed)           4.134     8.519    lopt_59
    AB8                  OBUF (Prop_obuf_I_O)         2.402    10.921 r  y_out_OBUF[5]_inst/O
                         net (fo=0)                   0.000    10.921    y_out[5]
    AB8                                                               r  y_out[5] (OUT)
  -------------------------------------------------------------------    -------------------

Slack:                    inf
  Source:                 Top/RKMod1/fpu_fused/<hidden>/<hidden>/<hidden>/<hidden>/<hidden>/<hidden>
                            (rising edge-triggered cell FDRE clocked by sys_clk  {rise@0.000ns fall@5.000ns period=10.000ns})
  Destination:            y_out[8]
                            (output port)
  Path Group:             (none)
  Path Type:              Max at Slow Process Corner
  Data Path Delay:        6.822ns  (logic 2.707ns (39.682%)  route 4.115ns (60.318%))
  Logic Levels:           1  (OBUF=1)
  Clock Uncertainty:      0.025ns  ((TSJ^2 + TIJ^2)^1/2 + DJ) / 2 + PE
    Total System Jitter     (TSJ):    0.050ns
    Total Input Jitter      (TIJ):    0.000ns
    Discrete Jitter          (DJ):    0.000ns
    Phase Error              (PE):    0.000ns

    Location             Delay type                Incr(ns)  Path(ns)    Netlist Resource(s)
  -------------------------------------------------------------------    -------------------
                         (clock sys_clk rise edge)    0.000     0.000 r  
    Y11                                               0.000     0.000 r  clock (IN)
                         net (fo=0)                   0.000     0.000    clock
    Y11                  IBUF (Prop_ibuf_I_O)         0.855     0.855 r  clock_IBUF_inst/O
                         net (fo=1, routed)           1.883     2.739    clock_IBUF
    BUFGCTRL_X0Y0        BUFG (Prop_bufg_I_O)         0.076     2.815 r  clock_IBUF_BUFG_inst/O
                         net (fo=11921, routed)       1.262     4.076    Top/RKMod1/fpu_fused/<hidden>/<hidden>/<hidden>/<hidden>/<hidden>/<hidden>
    SLICE_X65Y132        FDRE                                         r  Top/RKMod1/fpu_fused/<hidden>/<hidden>/<hidden>/<hidden>/<hidden>/<hidden>
  -------------------------------------------------------------------    -------------------
    SLICE_X65Y132        FDRE (Prop_fdre_C_Q)         0.313     4.389 r  Top/RKMod1/fpu_fused/<hidden>/<hidden>/<hidden>/<hidden>/<hidden>/<hidden>
                         net (fo=1, routed)           4.115     8.504    lopt_62
    V9                   OBUF (Prop_obuf_I_O)         2.394    10.898 r  y_out_OBUF[8]_inst/O
                         net (fo=0)                   0.000    10.898    y_out[8]
    V9                                                                r  y_out[8] (OUT)
  -------------------------------------------------------------------    -------------------

Slack:                    inf
  Source:                 Top/RKMod1/fpu_fused/<hidden>/<hidden>/<hidden>/<hidden>/<hidden>/<hidden>
                            (rising edge-triggered cell FDRE clocked by sys_clk  {rise@0.000ns fall@5.000ns period=10.000ns})
  Destination:            y_out[7]
                            (output port)
  Path Group:             (none)
  Path Type:              Max at Slow Process Corner
  Data Path Delay:        6.792ns  (logic 2.615ns (38.505%)  route 4.177ns (61.495%))
  Logic Levels:           1  (OBUF=1)
  Clock Uncertainty:      0.025ns  ((TSJ^2 + TIJ^2)^1/2 + DJ) / 2 + PE
    Total System Jitter     (TSJ):    0.050ns
    Total Input Jitter      (TIJ):    0.000ns
    Discrete Jitter          (DJ):    0.000ns
    Phase Error              (PE):    0.000ns

    Location             Delay type                Incr(ns)  Path(ns)    Netlist Resource(s)
  -------------------------------------------------------------------    -------------------
                         (clock sys_clk rise edge)    0.000     0.000 r  
    Y11                                               0.000     0.000 r  clock (IN)
                         net (fo=0)                   0.000     0.000    clock
    Y11                  IBUF (Prop_ibuf_I_O)         0.855     0.855 r  clock_IBUF_inst/O
                         net (fo=1, routed)           1.883     2.739    clock_IBUF
    BUFGCTRL_X0Y0        BUFG (Prop_bufg_I_O)         0.076     2.815 r  clock_IBUF_BUFG_inst/O
                         net (fo=11921, routed)       1.262     4.076    Top/RKMod1/fpu_fused/<hidden>/<hidden>/<hidden>/<hidden>/<hidden>/<hidden>
    SLICE_X69Y134        FDRE                                         r  Top/RKMod1/fpu_fused/<hidden>/<hidden>/<hidden>/<hidden>/<hidden>/<hidden>
  -------------------------------------------------------------------    -------------------
    SLICE_X69Y134        FDRE (Prop_fdre_C_Q)         0.341     4.417 r  Top/RKMod1/fpu_fused/<hidden>/<hidden>/<hidden>/<hidden>/<hidden>/<hidden>
                         net (fo=1, routed)           4.177     8.594    lopt_61
    V8                   OBUF (Prop_obuf_I_O)         2.274    10.868 r  y_out_OBUF[7]_inst/O
                         net (fo=0)                   0.000    10.868    y_out[7]
    V8                                                                r  y_out[7] (OUT)
  -------------------------------------------------------------------    -------------------

Slack:                    inf
  Source:                 Top/RKMod1/fpu_fused/<hidden>/<hidden>/<hidden>/<hidden>/<hidden>/<hidden>
                            (rising edge-triggered cell FDRE clocked by sys_clk  {rise@0.000ns fall@5.000ns period=10.000ns})
  Destination:            y_out[0]
                            (output port)
  Path Group:             (none)
  Path Type:              Max at Slow Process Corner
  Data Path Delay:        6.744ns  (logic 2.592ns (38.435%)  route 4.152ns (61.565%))
  Logic Levels:           1  (OBUF=1)
  Clock Uncertainty:      0.025ns  ((TSJ^2 + TIJ^2)^1/2 + DJ) / 2 + PE
    Total System Jitter     (TSJ):    0.050ns
    Total Input Jitter      (TIJ):    0.000ns
    Discrete Jitter          (DJ):    0.000ns
    Phase Error              (PE):    0.000ns

    Location             Delay type                Incr(ns)  Path(ns)    Netlist Resource(s)
  -------------------------------------------------------------------    -------------------
                         (clock sys_clk rise edge)    0.000     0.000 r  
    Y11                                               0.000     0.000 r  clock (IN)
                         net (fo=0)                   0.000     0.000    clock
    Y11                  IBUF (Prop_ibuf_I_O)         0.855     0.855 r  clock_IBUF_inst/O
                         net (fo=1, routed)           1.883     2.739    clock_IBUF
    BUFGCTRL_X0Y0        BUFG (Prop_bufg_I_O)         0.076     2.815 r  clock_IBUF_BUFG_inst/O
                         net (fo=11921, routed)       1.258     4.072    Top/RKMod1/fpu_fused/<hidden>/<hidden>/<hidden>/<hidden>/<hidden>/<hidden>
    SLICE_X69Y130        FDRE                                         r  Top/RKMod1/fpu_fused/<hidden>/<hidden>/<hidden>/<hidden>/<hidden>/<hidden>
  -------------------------------------------------------------------    -------------------
    SLICE_X69Y130        FDRE (Prop_fdre_C_Q)         0.341     4.413 r  Top/RKMod1/fpu_fused/<hidden>/<hidden>/<hidden>/<hidden>/<hidden>/<hidden>
                         net (fo=1, routed)           4.152     8.565    lopt_32
    U7                   OBUF (Prop_obuf_I_O)         2.251    10.816 r  y_out_OBUF[0]_inst/O
                         net (fo=0)                   0.000    10.816    y_out[0]
    U7                                                                r  y_out[0] (OUT)
  -------------------------------------------------------------------    -------------------

Slack:                    inf
  Source:                 Top/RKMod1/fpu_fused/<hidden>/<hidden>/<hidden>/<hidden>/<hidden>/<hidden>
                            (rising edge-triggered cell FDRE clocked by sys_clk  {rise@0.000ns fall@5.000ns period=10.000ns})
  Destination:            y_out[26]
                            (output port)
  Path Group:             (none)
  Path Type:              Max at Slow Process Corner
  Data Path Delay:        6.703ns  (logic 2.741ns (40.894%)  route 3.962ns (59.106%))
  Logic Levels:           1  (OBUF=1)
  Clock Uncertainty:      0.025ns  ((TSJ^2 + TIJ^2)^1/2 + DJ) / 2 + PE
    Total System Jitter     (TSJ):    0.050ns
    Total Input Jitter      (TIJ):    0.000ns
    Discrete Jitter          (DJ):    0.000ns
    Phase Error              (PE):    0.000ns

    Location             Delay type                Incr(ns)  Path(ns)    Netlist Resource(s)
  -------------------------------------------------------------------    -------------------
                         (clock sys_clk rise edge)    0.000     0.000 r  
    Y11                                               0.000     0.000 r  clock (IN)
                         net (fo=0)                   0.000     0.000    clock
    Y11                  IBUF (Prop_ibuf_I_O)         0.855     0.855 r  clock_IBUF_inst/O
                         net (fo=1, routed)           1.883     2.739    clock_IBUF
    BUFGCTRL_X0Y0        BUFG (Prop_bufg_I_O)         0.076     2.815 r  clock_IBUF_BUFG_inst/O
                         net (fo=11921, routed)       1.273     4.087    Top/RKMod1/fpu_fused/<hidden>/<hidden>/<hidden>/<hidden>/<hidden>/<hidden>
    SLICE_X60Y136        FDRE                                         r  Top/RKMod1/fpu_fused/<hidden>/<hidden>/<hidden>/<hidden>/<hidden>/<hidden>
  -------------------------------------------------------------------    -------------------
    SLICE_X60Y136        FDRE (Prop_fdre_C_Q)         0.361     4.448 r  Top/RKMod1/fpu_fused/<hidden>/<hidden>/<hidden>/<hidden>/<hidden>/<hidden>
                         net (fo=1, routed)           3.962     8.410    lopt_50
    V4                   OBUF (Prop_obuf_I_O)         2.380    10.790 r  y_out_OBUF[26]_inst/O
                         net (fo=0)                   0.000    10.790    y_out[26]
    V4                                                                r  y_out[26] (OUT)
  -------------------------------------------------------------------    -------------------

Slack:                    inf
  Source:                 Top/RKMod1/fpu_fused/<hidden>/<hidden>/<hidden>/<hidden>/<hidden>/<hidden>
                            (rising edge-triggered cell FDRE clocked by sys_clk  {rise@0.000ns fall@5.000ns period=10.000ns})
  Destination:            y_out[2]
                            (output port)
  Path Group:             (none)
  Path Type:              Max at Slow Process Corner
  Data Path Delay:        6.694ns  (logic 2.609ns (38.978%)  route 4.085ns (61.022%))
  Logic Levels:           1  (OBUF=1)
  Clock Uncertainty:      0.025ns  ((TSJ^2 + TIJ^2)^1/2 + DJ) / 2 + PE
    Total System Jitter     (TSJ):    0.050ns
    Total Input Jitter      (TIJ):    0.000ns
    Discrete Jitter          (DJ):    0.000ns
    Phase Error              (PE):    0.000ns

    Location             Delay type                Incr(ns)  Path(ns)    Netlist Resource(s)
  -------------------------------------------------------------------    -------------------
                         (clock sys_clk rise edge)    0.000     0.000 r  
    Y11                                               0.000     0.000 r  clock (IN)
                         net (fo=0)                   0.000     0.000    clock
    Y11                  IBUF (Prop_ibuf_I_O)         0.855     0.855 r  clock_IBUF_inst/O
                         net (fo=1, routed)           1.883     2.739    clock_IBUF
    BUFGCTRL_X0Y0        BUFG (Prop_bufg_I_O)         0.076     2.815 r  clock_IBUF_BUFG_inst/O
                         net (fo=11921, routed)       1.258     4.072    Top/RKMod1/fpu_fused/<hidden>/<hidden>/<hidden>/<hidden>/<hidden>/<hidden>
    SLICE_X69Y130        FDRE                                         r  Top/RKMod1/fpu_fused/<hidden>/<hidden>/<hidden>/<hidden>/<hidden>/<hidden>
  -------------------------------------------------------------------    -------------------
    SLICE_X69Y130        FDRE (Prop_fdre_C_Q)         0.341     4.413 r  Top/RKMod1/fpu_fused/<hidden>/<hidden>/<hidden>/<hidden>/<hidden>/<hidden>
                         net (fo=1, routed)           4.085     8.498    lopt_54
    W9                   OBUF (Prop_obuf_I_O)         2.268    10.766 r  y_out_OBUF[2]_inst/O
                         net (fo=0)                   0.000    10.766    y_out[2]
    W9                                                                r  y_out[2] (OUT)
  -------------------------------------------------------------------    -------------------

Slack:                    inf
  Source:                 Top/RKMod1/fpu_fused/<hidden>/<hidden>/<hidden>/<hidden>/<hidden>/<hidden>
                            (rising edge-triggered cell FDRE clocked by sys_clk  {rise@0.000ns fall@5.000ns period=10.000ns})
  Destination:            y_out[1]
                            (output port)
  Path Group:             (none)
  Path Type:              Max at Slow Process Corner
  Data Path Delay:        6.651ns  (logic 2.613ns (39.281%)  route 4.039ns (60.719%))
  Logic Levels:           1  (OBUF=1)
  Clock Uncertainty:      0.025ns  ((TSJ^2 + TIJ^2)^1/2 + DJ) / 2 + PE
    Total System Jitter     (TSJ):    0.050ns
    Total Input Jitter      (TIJ):    0.000ns
    Discrete Jitter          (DJ):    0.000ns
    Phase Error              (PE):    0.000ns

    Location             Delay type                Incr(ns)  Path(ns)    Netlist Resource(s)
  -------------------------------------------------------------------    -------------------
                         (clock sys_clk rise edge)    0.000     0.000 r  
    Y11                                               0.000     0.000 r  clock (IN)
                         net (fo=0)                   0.000     0.000    clock
    Y11                  IBUF (Prop_ibuf_I_O)         0.855     0.855 r  clock_IBUF_inst/O
                         net (fo=1, routed)           1.883     2.739    clock_IBUF
    BUFGCTRL_X0Y0        BUFG (Prop_bufg_I_O)         0.076     2.815 r  clock_IBUF_BUFG_inst/O
                         net (fo=11921, routed)       1.258     4.072    Top/RKMod1/fpu_fused/<hidden>/<hidden>/<hidden>/<hidden>/<hidden>/<hidden>
    SLICE_X69Y130        FDRE                                         r  Top/RKMod1/fpu_fused/<hidden>/<hidden>/<hidden>/<hidden>/<hidden>/<hidden>
  -------------------------------------------------------------------    -------------------
    SLICE_X69Y130        FDRE (Prop_fdre_C_Q)         0.341     4.413 r  Top/RKMod1/fpu_fused/<hidden>/<hidden>/<hidden>/<hidden>/<hidden>/<hidden>
                         net (fo=1, routed)           4.039     8.452    lopt_43
    Y9                   OBUF (Prop_obuf_I_O)         2.272    10.723 r  y_out_OBUF[1]_inst/O
                         net (fo=0)                   0.000    10.723    y_out[1]
    Y9                                                                r  y_out[1] (OUT)
  -------------------------------------------------------------------    -------------------

Slack:                    inf
  Source:                 Top/RKMod1/fpu_fused/<hidden>/<hidden>/<hidden>/<hidden>/<hidden>/<hidden>
                            (rising edge-triggered cell FDRE clocked by sys_clk  {rise@0.000ns fall@5.000ns period=10.000ns})
  Destination:            y_out[10]
                            (output port)
  Path Group:             (none)
  Path Type:              Max at Slow Process Corner
  Data Path Delay:        6.622ns  (logic 2.632ns (39.753%)  route 3.990ns (60.247%))
  Logic Levels:           1  (OBUF=1)
  Clock Uncertainty:      0.025ns  ((TSJ^2 + TIJ^2)^1/2 + DJ) / 2 + PE
    Total System Jitter     (TSJ):    0.050ns
    Total Input Jitter      (TIJ):    0.000ns
    Discrete Jitter          (DJ):    0.000ns
    Phase Error              (PE):    0.000ns

    Location             Delay type                Incr(ns)  Path(ns)    Netlist Resource(s)
  -------------------------------------------------------------------    -------------------
                         (clock sys_clk rise edge)    0.000     0.000 r  
    Y11                                               0.000     0.000 r  clock (IN)
                         net (fo=0)                   0.000     0.000    clock
    Y11                  IBUF (Prop_ibuf_I_O)         0.855     0.855 r  clock_IBUF_inst/O
                         net (fo=1, routed)           1.883     2.739    clock_IBUF
    BUFGCTRL_X0Y0        BUFG (Prop_bufg_I_O)         0.076     2.815 r  clock_IBUF_BUFG_inst/O
                         net (fo=11921, routed)       1.262     4.076    Top/RKMod1/fpu_fused/<hidden>/<hidden>/<hidden>/<hidden>/<hidden>/<hidden>
    SLICE_X69Y134        FDRE                                         r  Top/RKMod1/fpu_fused/<hidden>/<hidden>/<hidden>/<hidden>/<hidden>/<hidden>
  -------------------------------------------------------------------    -------------------
    SLICE_X69Y134        FDRE (Prop_fdre_C_Q)         0.341     4.417 r  Top/RKMod1/fpu_fused/<hidden>/<hidden>/<hidden>/<hidden>/<hidden>/<hidden>
                         net (fo=1, routed)           3.990     8.407    lopt_33
    AB7                  OBUF (Prop_obuf_I_O)         2.291    10.698 r  y_out_OBUF[10]_inst/O
                         net (fo=0)                   0.000    10.698    y_out[10]
    AB7                                                               r  y_out[10] (OUT)
  -------------------------------------------------------------------    -------------------

Slack:                    inf
  Source:                 Top/RKMod1/fpu_fused/<hidden>/<hidden>/<hidden>/<hidden>/<hidden>/<hidden>
                            (rising edge-triggered cell FDRE clocked by sys_clk  {rise@0.000ns fall@5.000ns period=10.000ns})
  Destination:            y_out[31]
                            (output port)
  Path Group:             (none)
  Path Type:              Max at Slow Process Corner
  Data Path Delay:        6.600ns  (logic 2.727ns (41.317%)  route 3.873ns (58.683%))
  Logic Levels:           1  (OBUF=1)
  Clock Uncertainty:      0.025ns  ((TSJ^2 + TIJ^2)^1/2 + DJ) / 2 + PE
    Total System Jitter     (TSJ):    0.050ns
    Total Input Jitter      (TIJ):    0.000ns
    Discrete Jitter          (DJ):    0.000ns
    Phase Error              (PE):    0.000ns

    Location             Delay type                Incr(ns)  Path(ns)    Netlist Resource(s)
  -------------------------------------------------------------------    -------------------
                         (clock sys_clk rise edge)    0.000     0.000 r  
    Y11                                               0.000     0.000 r  clock (IN)
                         net (fo=0)                   0.000     0.000    clock
    Y11                  IBUF (Prop_ibuf_I_O)         0.855     0.855 r  clock_IBUF_inst/O
                         net (fo=1, routed)           1.883     2.739    clock_IBUF
    BUFGCTRL_X0Y0        BUFG (Prop_bufg_I_O)         0.076     2.815 r  clock_IBUF_BUFG_inst/O
                         net (fo=11921, routed)       1.275     4.089    Top/RKMod1/fpu_fused/<hidden>/<hidden>/<hidden>/<hidden>/<hidden>/<hidden>
    SLICE_X61Y139        FDRE                                         r  Top/RKMod1/fpu_fused/<hidden>/<hidden>/<hidden>/<hidden>/<hidden>/<hidden>
  -------------------------------------------------------------------    -------------------
    SLICE_X61Y139        FDRE (Prop_fdre_C_Q)         0.313     4.402 r  Top/RKMod1/fpu_fused/<hidden>/<hidden>/<hidden>/<hidden>/<hidden>/<hidden>
                         net (fo=1, routed)           3.873     8.275    lopt_56
    AA3                  OBUF (Prop_obuf_I_O)         2.414    10.689 r  y_out_OBUF[31]_inst/O
                         net (fo=0)                   0.000    10.689    y_out[31]
    AA3                                                               r  y_out[31] (OUT)
  -------------------------------------------------------------------    -------------------





Min Delay Paths
--------------------------------------------------------------------------------------
Slack:                    inf
  Source:                 Top/RKMod1/fpu_add/<hidden>/<hidden>/<hidden>/<hidden>/<hidden>
                            (rising edge-triggered cell FDRE clocked by sys_clk  {rise@0.000ns fall@5.000ns period=10.000ns})
  Destination:            x_out[0]
                            (output port)
  Path Group:             (none)
  Path Type:              Min at Fast Process Corner
  Data Path Delay:        1.959ns  (logic 1.355ns (69.182%)  route 0.604ns (30.818%))
  Logic Levels:           1  (OBUF=1)
  Clock Uncertainty:      0.025ns  ((TSJ^2 + TIJ^2)^1/2 + DJ) / 2 + PE
    Total System Jitter     (TSJ):    0.050ns
    Total Input Jitter      (TIJ):    0.000ns
    Discrete Jitter          (DJ):    0.000ns
    Phase Error              (PE):    0.000ns

    Location             Delay type                Incr(ns)  Path(ns)    Netlist Resource(s)
  -------------------------------------------------------------------    -------------------
                         (clock sys_clk rise edge)    0.000     0.000 r  
    Y11                                               0.000     0.000 r  clock (IN)
                         net (fo=0)                   0.000     0.000    clock
    Y11                  IBUF (Prop_ibuf_I_O)         0.235     0.235 r  clock_IBUF_inst/O
                         net (fo=1, routed)           0.843     1.078    clock_IBUF
    BUFGCTRL_X0Y0        BUFG (Prop_bufg_I_O)         0.026     1.104 r  clock_IBUF_BUFG_inst/O
                         net (fo=11921, routed)       0.617     1.720    Top/RKMod1/fpu_add/<hidden>/<hidden>/<hidden>/<hidden>/<hidden>
    SLICE_X16Y130        FDRE                                         r  Top/RKMod1/fpu_add/<hidden>/<hidden>/<hidden>/<hidden>/<hidden>
  -------------------------------------------------------------------    -------------------
    SLICE_X16Y130        FDRE (Prop_fdre_C_Q)         0.164     1.884 r  Top/RKMod1/fpu_add/<hidden>/<hidden>/<hidden>/<hidden>/<hidden>
                         net (fo=1, routed)           0.604     2.488    lopt
    Y21                  OBUF (Prop_obuf_I_O)         1.191     3.679 r  x_out_OBUF[0]_inst/O
                         net (fo=0)                   0.000     3.679    x_out[0]
    Y21                                                               r  x_out[0] (OUT)
  -------------------------------------------------------------------    -------------------

Slack:                    inf
  Source:                 Top/RKMod1/fpu_add/<hidden>/<hidden>/<hidden>/<hidden>/<hidden>
                            (rising edge-triggered cell FDRE clocked by sys_clk  {rise@0.000ns fall@5.000ns period=10.000ns})
  Destination:            x_out[3]
                            (output port)
  Path Group:             (none)
  Path Type:              Min at Fast Process Corner
  Data Path Delay:        2.011ns  (logic 1.398ns (69.523%)  route 0.613ns (30.477%))
  Logic Levels:           1  (OBUF=1)
  Clock Uncertainty:      0.025ns  ((TSJ^2 + TIJ^2)^1/2 + DJ) / 2 + PE
    Total System Jitter     (TSJ):    0.050ns
    Total Input Jitter      (TIJ):    0.000ns
    Discrete Jitter          (DJ):    0.000ns
    Phase Error              (PE):    0.000ns

    Location             Delay type                Incr(ns)  Path(ns)    Netlist Resource(s)
  -------------------------------------------------------------------    -------------------
                         (clock sys_clk rise edge)    0.000     0.000 r  
    Y11                                               0.000     0.000 r  clock (IN)
                         net (fo=0)                   0.000     0.000    clock
    Y11                  IBUF (Prop_ibuf_I_O)         0.235     0.235 r  clock_IBUF_inst/O
                         net (fo=1, routed)           0.843     1.078    clock_IBUF
    BUFGCTRL_X0Y0        BUFG (Prop_bufg_I_O)         0.026     1.104 r  clock_IBUF_BUFG_inst/O
                         net (fo=11921, routed)       0.620     1.723    Top/RKMod1/fpu_add/<hidden>/<hidden>/<hidden>/<hidden>/<hidden>
    SLICE_X20Y134        FDRE                                         r  Top/RKMod1/fpu_add/<hidden>/<hidden>/<hidden>/<hidden>/<hidden>
  -------------------------------------------------------------------    -------------------
    SLICE_X20Y134        FDRE (Prop_fdre_C_Q)         0.148     1.871 r  Top/RKMod1/fpu_add/<hidden>/<hidden>/<hidden>/<hidden>/<hidden>
                         net (fo=1, routed)           0.613     2.484    lopt_25
    W22                  OBUF (Prop_obuf_I_O)         1.250     3.734 r  x_out_OBUF[3]_inst/O
                         net (fo=0)                   0.000     3.734    x_out[3]
    W22                                                               r  x_out[3] (OUT)
  -------------------------------------------------------------------    -------------------

Slack:                    inf
  Source:                 Top/RKMod1/fpu_add/<hidden>/<hidden>/<hidden>/<hidden>/<hidden>
                            (rising edge-triggered cell FDRE clocked by sys_clk  {rise@0.000ns fall@5.000ns period=10.000ns})
  Destination:            x_out[2]
                            (output port)
  Path Group:             (none)
  Path Type:              Min at Fast Process Corner
  Data Path Delay:        2.017ns  (logic 1.394ns (69.128%)  route 0.623ns (30.872%))
  Logic Levels:           1  (OBUF=1)
  Clock Uncertainty:      0.025ns  ((TSJ^2 + TIJ^2)^1/2 + DJ) / 2 + PE
    Total System Jitter     (TSJ):    0.050ns
    Total Input Jitter      (TIJ):    0.000ns
    Discrete Jitter          (DJ):    0.000ns
    Phase Error              (PE):    0.000ns

    Location             Delay type                Incr(ns)  Path(ns)    Netlist Resource(s)
  -------------------------------------------------------------------    -------------------
                         (clock sys_clk rise edge)    0.000     0.000 r  
    Y11                                               0.000     0.000 r  clock (IN)
                         net (fo=0)                   0.000     0.000    clock
    Y11                  IBUF (Prop_ibuf_I_O)         0.235     0.235 r  clock_IBUF_inst/O
                         net (fo=1, routed)           0.843     1.078    clock_IBUF
    BUFGCTRL_X0Y0        BUFG (Prop_bufg_I_O)         0.026     1.104 r  clock_IBUF_BUFG_inst/O
                         net (fo=11921, routed)       0.620     1.723    Top/RKMod1/fpu_add/<hidden>/<hidden>/<hidden>/<hidden>/<hidden>
    SLICE_X20Y134        FDRE                                         r  Top/RKMod1/fpu_add/<hidden>/<hidden>/<hidden>/<hidden>/<hidden>
  -------------------------------------------------------------------    -------------------
    SLICE_X20Y134        FDRE (Prop_fdre_C_Q)         0.148     1.871 r  Top/RKMod1/fpu_add/<hidden>/<hidden>/<hidden>/<hidden>/<hidden>
                         net (fo=1, routed)           0.623     2.494    lopt_22
    AA20                 OBUF (Prop_obuf_I_O)         1.246     3.740 r  x_out_OBUF[2]_inst/O
                         net (fo=0)                   0.000     3.740    x_out[2]
    AA20                                                              r  x_out[2] (OUT)
  -------------------------------------------------------------------    -------------------

Slack:                    inf
  Source:                 Top/RKMod1/fpu_add/<hidden>/<hidden>/<hidden>/<hidden>/<hidden>
                            (rising edge-triggered cell FDRE clocked by sys_clk  {rise@0.000ns fall@5.000ns period=10.000ns})
  Destination:            x_out[1]
                            (output port)
  Path Group:             (none)
  Path Type:              Min at Fast Process Corner
  Data Path Delay:        2.027ns  (logic 1.360ns (67.118%)  route 0.666ns (32.882%))
  Logic Levels:           1  (OBUF=1)
  Clock Uncertainty:      0.025ns  ((TSJ^2 + TIJ^2)^1/2 + DJ) / 2 + PE
    Total System Jitter     (TSJ):    0.050ns
    Total Input Jitter      (TIJ):    0.000ns
    Discrete Jitter          (DJ):    0.000ns
    Phase Error              (PE):    0.000ns

    Location             Delay type                Incr(ns)  Path(ns)    Netlist Resource(s)
  -------------------------------------------------------------------    -------------------
                         (clock sys_clk rise edge)    0.000     0.000 r  
    Y11                                               0.000     0.000 r  clock (IN)
                         net (fo=0)                   0.000     0.000    clock
    Y11                  IBUF (Prop_ibuf_I_O)         0.235     0.235 r  clock_IBUF_inst/O
                         net (fo=1, routed)           0.843     1.078    clock_IBUF
    BUFGCTRL_X0Y0        BUFG (Prop_bufg_I_O)         0.026     1.104 r  clock_IBUF_BUFG_inst/O
                         net (fo=11921, routed)       0.620     1.723    Top/RKMod1/fpu_add/<hidden>/<hidden>/<hidden>/<hidden>/<hidden>
    SLICE_X20Y134        FDRE                                         r  Top/RKMod1/fpu_add/<hidden>/<hidden>/<hidden>/<hidden>/<hidden>
  -------------------------------------------------------------------    -------------------
    SLICE_X20Y134        FDRE (Prop_fdre_C_Q)         0.164     1.887 r  Top/RKMod1/fpu_add/<hidden>/<hidden>/<hidden>/<hidden>/<hidden>
                         net (fo=1, routed)           0.666     2.554    lopt_11
    AA21                 OBUF (Prop_obuf_I_O)         1.196     3.750 r  x_out_OBUF[1]_inst/O
                         net (fo=0)                   0.000     3.750    x_out[1]
    AA21                                                              r  x_out[1] (OUT)
  -------------------------------------------------------------------    -------------------

Slack:                    inf
  Source:                 Top/RKMod1/fpu_add/<hidden>/<hidden>/<hidden>/<hidden>/<hidden>
                            (rising edge-triggered cell FDRE clocked by sys_clk  {rise@0.000ns fall@5.000ns period=10.000ns})
  Destination:            x_out[4]
                            (output port)
  Path Group:             (none)
  Path Type:              Min at Fast Process Corner
  Data Path Delay:        2.409ns  (logic 1.295ns (53.753%)  route 1.114ns (46.247%))
  Logic Levels:           1  (OBUF=1)
  Clock Uncertainty:      0.025ns  ((TSJ^2 + TIJ^2)^1/2 + DJ) / 2 + PE
    Total System Jitter     (TSJ):    0.050ns
    Total Input Jitter      (TIJ):    0.000ns
    Discrete Jitter          (DJ):    0.000ns
    Phase Error              (PE):    0.000ns

    Location             Delay type                Incr(ns)  Path(ns)    Netlist Resource(s)
  -------------------------------------------------------------------    -------------------
                         (clock sys_clk rise edge)    0.000     0.000 r  
    Y11                                               0.000     0.000 r  clock (IN)
                         net (fo=0)                   0.000     0.000    clock
    Y11                  IBUF (Prop_ibuf_I_O)         0.235     0.235 r  clock_IBUF_inst/O
                         net (fo=1, routed)           0.843     1.078    clock_IBUF
    BUFGCTRL_X0Y0        BUFG (Prop_bufg_I_O)         0.026     1.104 r  clock_IBUF_BUFG_inst/O
                         net (fo=11921, routed)       0.615     1.718    Top/RKMod1/fpu_add/<hidden>/<hidden>/<hidden>/<hidden>/<hidden>
    SLICE_X18Y128        FDRE                                         r  Top/RKMod1/fpu_add/<hidden>/<hidden>/<hidden>/<hidden>/<hidden>
  -------------------------------------------------------------------    -------------------
    SLICE_X18Y128        FDRE (Prop_fdre_C_Q)         0.164     1.882 r  Top/RKMod1/fpu_add/<hidden>/<hidden>/<hidden>/<hidden>/<hidden>
                         net (fo=1, routed)           1.114     2.996    lopt_26
    U16                  OBUF (Prop_obuf_I_O)         1.131     4.128 r  x_out_OBUF[4]_inst/O
                         net (fo=0)                   0.000     4.128    x_out[4]
    U16                                                               r  x_out[4] (OUT)
  -------------------------------------------------------------------    -------------------

Slack:                    inf
  Source:                 Top/RKMod1/fpu_add/<hidden>/<hidden>/<hidden>/<hidden>/<hidden>
                            (rising edge-triggered cell FDRE clocked by sys_clk  {rise@0.000ns fall@5.000ns period=10.000ns})
  Destination:            x_out[24]
                            (output port)
  Path Group:             (none)
  Path Type:              Min at Fast Process Corner
  Data Path Delay:        2.488ns  (logic 1.362ns (54.767%)  route 1.125ns (45.233%))
  Logic Levels:           1  (OBUF=1)
  Clock Uncertainty:      0.025ns  ((TSJ^2 + TIJ^2)^1/2 + DJ) / 2 + PE
    Total System Jitter     (TSJ):    0.050ns
    Total Input Jitter      (TIJ):    0.000ns
    Discrete Jitter          (DJ):    0.000ns
    Phase Error              (PE):    0.000ns

    Location             Delay type                Incr(ns)  Path(ns)    Netlist Resource(s)
  -------------------------------------------------------------------    -------------------
                         (clock sys_clk rise edge)    0.000     0.000 r  
    Y11                                               0.000     0.000 r  clock (IN)
                         net (fo=0)                   0.000     0.000    clock
    Y11                  IBUF (Prop_ibuf_I_O)         0.235     0.235 r  clock_IBUF_inst/O
                         net (fo=1, routed)           0.843     1.078    clock_IBUF
    BUFGCTRL_X0Y0        BUFG (Prop_bufg_I_O)         0.026     1.104 r  clock_IBUF_BUFG_inst/O
                         net (fo=11921, routed)       0.619     1.722    Top/RKMod1/fpu_add/<hidden>/<hidden>/<hidden>/<hidden>/<hidden>
    SLICE_X20Y133        FDRE                                         r  Top/RKMod1/fpu_add/<hidden>/<hidden>/<hidden>/<hidden>/<hidden>
  -------------------------------------------------------------------    -------------------
    SLICE_X20Y133        FDRE (Prop_fdre_C_Q)         0.164     1.886 r  Top/RKMod1/fpu_add/<hidden>/<hidden>/<hidden>/<hidden>/<hidden>
                         net (fo=1, routed)           1.125     3.011    lopt_16
    AB11                 OBUF (Prop_obuf_I_O)         1.198     4.210 r  x_out_OBUF[24]_inst/O
                         net (fo=0)                   0.000     4.210    x_out[24]
    AB11                                                              r  x_out[24] (OUT)
  -------------------------------------------------------------------    -------------------

Slack:                    inf
  Source:                 Top/RKMod1/fpu_add/<hidden>/<hidden>/<hidden>/<hidden>/<hidden>
                            (rising edge-triggered cell FDRE clocked by sys_clk  {rise@0.000ns fall@5.000ns period=10.000ns})
  Destination:            x_out[29]
                            (output port)
  Path Group:             (none)
  Path Type:              Min at Fast Process Corner
  Data Path Delay:        2.502ns  (logic 1.330ns (53.138%)  route 1.173ns (46.862%))
  Logic Levels:           1  (OBUF=1)
  Clock Uncertainty:      0.025ns  ((TSJ^2 + TIJ^2)^1/2 + DJ) / 2 + PE
    Total System Jitter     (TSJ):    0.050ns
    Total Input Jitter      (TIJ):    0.000ns
    Discrete Jitter          (DJ):    0.000ns
    Phase Error              (PE):    0.000ns

    Location             Delay type                Incr(ns)  Path(ns)    Netlist Resource(s)
  -------------------------------------------------------------------    -------------------
                         (clock sys_clk rise edge)    0.000     0.000 r  
    Y11                                               0.000     0.000 r  clock (IN)
                         net (fo=0)                   0.000     0.000    clock
    Y11                  IBUF (Prop_ibuf_I_O)         0.235     0.235 r  clock_IBUF_inst/O
                         net (fo=1, routed)           0.843     1.078    clock_IBUF
    BUFGCTRL_X0Y0        BUFG (Prop_bufg_I_O)         0.026     1.104 r  clock_IBUF_BUFG_inst/O
                         net (fo=11921, routed)       0.620     1.723    Top/RKMod1/fpu_add/<hidden>/<hidden>/<hidden>/<hidden>/<hidden>
    SLICE_X19Y133        FDRE                                         r  Top/RKMod1/fpu_add/<hidden>/<hidden>/<hidden>/<hidden>/<hidden>
  -------------------------------------------------------------------    -------------------
    SLICE_X19Y133        FDRE (Prop_fdre_C_Q)         0.141     1.864 r  Top/RKMod1/fpu_add/<hidden>/<hidden>/<hidden>/<hidden>/<hidden>
                         net (fo=1, routed)           1.173     3.037    lopt_21
    AB15                 OBUF (Prop_obuf_I_O)         1.189     4.225 r  x_out_OBUF[29]_inst/O
                         net (fo=0)                   0.000     4.225    x_out[29]
    AB15                                                              r  x_out[29] (OUT)
  -------------------------------------------------------------------    -------------------

Slack:                    inf
  Source:                 Top/RKMod1/fpu_add/<hidden>/<hidden>/<hidden>/<hidden>/<hidden>
                            (rising edge-triggered cell FDRE clocked by sys_clk  {rise@0.000ns fall@5.000ns period=10.000ns})
  Destination:            x_out[27]
                            (output port)
  Path Group:             (none)
  Path Type:              Min at Fast Process Corner
  Data Path Delay:        2.512ns  (logic 1.326ns (52.767%)  route 1.187ns (47.233%))
  Logic Levels:           1  (OBUF=1)
  Clock Uncertainty:      0.025ns  ((TSJ^2 + TIJ^2)^1/2 + DJ) / 2 + PE
    Total System Jitter     (TSJ):    0.050ns
    Total Input Jitter      (TIJ):    0.000ns
    Discrete Jitter          (DJ):    0.000ns
    Phase Error              (PE):    0.000ns

    Location             Delay type                Incr(ns)  Path(ns)    Netlist Resource(s)
  -------------------------------------------------------------------    -------------------
                         (clock sys_clk rise edge)    0.000     0.000 r  
    Y11                                               0.000     0.000 r  clock (IN)
                         net (fo=0)                   0.000     0.000    clock
    Y11                  IBUF (Prop_ibuf_I_O)         0.235     0.235 r  clock_IBUF_inst/O
                         net (fo=1, routed)           0.843     1.078    clock_IBUF
    BUFGCTRL_X0Y0        BUFG (Prop_bufg_I_O)         0.026     1.104 r  clock_IBUF_BUFG_inst/O
                         net (fo=11921, routed)       0.620     1.723    Top/RKMod1/fpu_add/<hidden>/<hidden>/<hidden>/<hidden>/<hidden>
    SLICE_X19Y133        FDRE                                         r  Top/RKMod1/fpu_add/<hidden>/<hidden>/<hidden>/<hidden>/<hidden>
  -------------------------------------------------------------------    -------------------
    SLICE_X19Y133        FDRE (Prop_fdre_C_Q)         0.141     1.864 r  Top/RKMod1/fpu_add/<hidden>/<hidden>/<hidden>/<hidden>/<hidden>
                         net (fo=1, routed)           1.187     3.051    lopt_19
    AA14                 OBUF (Prop_obuf_I_O)         1.185     4.235 r  x_out_OBUF[27]_inst/O
                         net (fo=0)                   0.000     4.235    x_out[27]
    AA14                                                              r  x_out[27] (OUT)
  -------------------------------------------------------------------    -------------------

Slack:                    inf
  Source:                 Top/RKMod1/fpu_add/<hidden>/<hidden>/<hidden>/<hidden>/<hidden>
                            (rising edge-triggered cell FDRE clocked by sys_clk  {rise@0.000ns fall@5.000ns period=10.000ns})
  Destination:            x_out[30]
                            (output port)
  Path Group:             (none)
  Path Type:              Min at Fast Process Corner
  Data Path Delay:        2.536ns  (logic 1.344ns (52.999%)  route 1.192ns (47.001%))
  Logic Levels:           1  (OBUF=1)
  Clock Uncertainty:      0.025ns  ((TSJ^2 + TIJ^2)^1/2 + DJ) / 2 + PE
    Total System Jitter     (TSJ):    0.050ns
    Total Input Jitter      (TIJ):    0.000ns
    Discrete Jitter          (DJ):    0.000ns
    Phase Error              (PE):    0.000ns

    Location             Delay type                Incr(ns)  Path(ns)    Netlist Resource(s)
  -------------------------------------------------------------------    -------------------
                         (clock sys_clk rise edge)    0.000     0.000 r  
    Y11                                               0.000     0.000 r  clock (IN)
                         net (fo=0)                   0.000     0.000    clock
    Y11                  IBUF (Prop_ibuf_I_O)         0.235     0.235 r  clock_IBUF_inst/O
                         net (fo=1, routed)           0.843     1.078    clock_IBUF
    BUFGCTRL_X0Y0        BUFG (Prop_bufg_I_O)         0.026     1.104 r  clock_IBUF_BUFG_inst/O
                         net (fo=11921, routed)       0.619     1.722    Top/RKMod1/fpu_add/<hidden>/<hidden>/<hidden>/<hidden>/<hidden>
    SLICE_X20Y133        FDRE                                         r  Top/RKMod1/fpu_add/<hidden>/<hidden>/<hidden>/<hidden>/<hidden>
  -------------------------------------------------------------------    -------------------
    SLICE_X20Y133        FDRE (Prop_fdre_C_Q)         0.164     1.886 r  Top/RKMod1/fpu_add/<hidden>/<hidden>/<hidden>/<hidden>/<hidden>
                         net (fo=1, routed)           1.192     3.078    lopt_23
    AA15                 OBUF (Prop_obuf_I_O)         1.180     4.258 r  x_out_OBUF[30]_inst/O
                         net (fo=0)                   0.000     4.258    x_out[30]
    AA15                                                              r  x_out[30] (OUT)
  -------------------------------------------------------------------    -------------------

Slack:                    inf
  Source:                 Top/RKMod1/fpu_add/<hidden>/<hidden>/<hidden>/<hidden>/<hidden>
                            (rising edge-triggered cell FDRE clocked by sys_clk  {rise@0.000ns fall@5.000ns period=10.000ns})
  Destination:            x_out[25]
                            (output port)
  Path Group:             (none)
  Path Type:              Min at Fast Process Corner
  Data Path Delay:        2.538ns  (logic 1.329ns (52.380%)  route 1.208ns (47.620%))
  Logic Levels:           1  (OBUF=1)
  Clock Uncertainty:      0.025ns  ((TSJ^2 + TIJ^2)^1/2 + DJ) / 2 + PE
    Total System Jitter     (TSJ):    0.050ns
    Total Input Jitter      (TIJ):    0.000ns
    Discrete Jitter          (DJ):    0.000ns
    Phase Error              (PE):    0.000ns

    Location             Delay type                Incr(ns)  Path(ns)    Netlist Resource(s)
  -------------------------------------------------------------------    -------------------
                         (clock sys_clk rise edge)    0.000     0.000 r  
    Y11                                               0.000     0.000 r  clock (IN)
                         net (fo=0)                   0.000     0.000    clock
    Y11                  IBUF (Prop_ibuf_I_O)         0.235     0.235 r  clock_IBUF_inst/O
                         net (fo=1, routed)           0.843     1.078    clock_IBUF
    BUFGCTRL_X0Y0        BUFG (Prop_bufg_I_O)         0.026     1.104 r  clock_IBUF_BUFG_inst/O
                         net (fo=11921, routed)       0.620     1.723    Top/RKMod1/fpu_add/<hidden>/<hidden>/<hidden>/<hidden>/<hidden>
    SLICE_X19Y133        FDRE                                         r  Top/RKMod1/fpu_add/<hidden>/<hidden>/<hidden>/<hidden>/<hidden>
  -------------------------------------------------------------------    -------------------
    SLICE_X19Y133        FDRE (Prop_fdre_C_Q)         0.141     1.864 r  Top/RKMod1/fpu_add/<hidden>/<hidden>/<hidden>/<hidden>/<hidden>
                         net (fo=1, routed)           1.208     3.073    lopt_17
    Y14                  OBUF (Prop_obuf_I_O)         1.188     4.261 r  x_out_OBUF[25]_inst/O
                         net (fo=0)                   0.000     4.261    x_out[25]
    Y14                                                               r  x_out[25] (OUT)
  -------------------------------------------------------------------    -------------------





--------------------------------------------------------------------------------------
Path Group:  (none)
From Clock:  
  To Clock:  sys_clk

Max Delay           630 Endpoints
Min Delay           630 Endpoints
--------------------------------------------------------------------------------------


Max Delay Paths
--------------------------------------------------------------------------------------
Slack:                    inf
  Source:                 inst[25]
                            (input port)
  Destination:            uut1/mem_reg[0][11]/S
                            (rising edge-triggered cell FDSE clocked by sys_clk  {rise@0.000ns fall@5.000ns period=10.000ns})
  Path Group:             (none)
  Path Type:              Setup (Max at Slow Process Corner)
  Data Path Delay:        7.669ns  (logic 1.025ns (13.365%)  route 6.644ns (86.635%))
  Logic Levels:           3  (IBUF=1 LUT4=1 LUT6=1)
  Clock Path Skew:        3.834ns (DCD - SCD + CPR)
    Destination Clock Delay (DCD):    3.834ns
    Source Clock Delay      (SCD):    0.000ns
    Clock Pessimism Removal (CPR):    0.000ns
  Clock Uncertainty:      0.025ns  ((TSJ^2 + TIJ^2)^1/2 + DJ) / 2 + PE
    Total System Jitter     (TSJ):    0.050ns
    Total Input Jitter      (TIJ):    0.000ns
    Discrete Jitter          (DJ):    0.000ns
    Phase Error              (PE):    0.000ns

    Location             Delay type                Incr(ns)  Path(ns)    Netlist Resource(s)
  -------------------------------------------------------------------    -------------------
    R2                                                0.000     0.000 f  inst[25] (IN)
                         net (fo=0)                   0.000     0.000    inst[25]
    R2                   IBUF (Prop_ibuf_I_O)         0.831     0.831 f  inst_IBUF[25]_inst/O
                         net (fo=2, routed)           3.966     4.797    uut1/addr_OBUF[5]
    SLICE_X54Y138        LUT4 (Prop_lut4_I1_O)        0.097     4.894 r  uut1/mem[0][30]_i_4/O
                         net (fo=14, routed)          1.160     6.053    uut1/mem[0][30]_i_4_n_0
    SLICE_X50Y136        LUT6 (Prop_lut6_I4_O)        0.097     6.150 r  uut1/mem[0][19]_i_1/O
                         net (fo=7, routed)           1.519     7.669    uut1/mem[0][19]_i_1_n_0
    SLICE_X21Y136        FDSE                                         r  uut1/mem_reg[0][11]/S
  -------------------------------------------------------------------    -------------------

                         (clock sys_clk rise edge)    0.000     0.000 r  
    Y11                                               0.000     0.000 r  clock (IN)
                         net (fo=0)                   0.000     0.000    clock
    Y11                  IBUF (Prop_ibuf_I_O)         0.724     0.724 r  clock_IBUF_inst/O
                         net (fo=1, routed)           1.785     2.509    clock_IBUF
    BUFGCTRL_X0Y0        BUFG (Prop_bufg_I_O)         0.072     2.581 r  clock_IBUF_BUFG_inst/O
                         net (fo=11921, routed)       1.253     3.834    uut1/clock_IBUF_BUFG
    SLICE_X21Y136        FDSE                                         r  uut1/mem_reg[0][11]/C

Slack:                    inf
  Source:                 inst[14]
                            (input port)
  Destination:            uut1/x_in_reg[20]/CE
                            (rising edge-triggered cell FDRE clocked by sys_clk  {rise@0.000ns fall@5.000ns period=10.000ns})
  Path Group:             (none)
  Path Type:              Setup (Max at Slow Process Corner)
  Data Path Delay:        7.549ns  (logic 0.969ns (12.837%)  route 6.580ns (87.163%))
  Logic Levels:           2  (IBUF=1 LUT3=1)
  Clock Path Skew:        3.825ns (DCD - SCD + CPR)
    Destination Clock Delay (DCD):    3.825ns
    Source Clock Delay      (SCD):    0.000ns
    Clock Pessimism Removal (CPR):    0.000ns
  Clock Uncertainty:      0.025ns  ((TSJ^2 + TIJ^2)^1/2 + DJ) / 2 + PE
    Total System Jitter     (TSJ):    0.050ns
    Total Input Jitter      (TIJ):    0.000ns
    Discrete Jitter          (DJ):    0.000ns
    Phase Error              (PE):    0.000ns

    Location             Delay type                Incr(ns)  Path(ns)    Netlist Resource(s)
  -------------------------------------------------------------------    -------------------
    Y3                                                0.000     0.000 r  inst[14] (IN)
                         net (fo=0)                   0.000     0.000    inst[14]
    Y3                   IBUF (Prop_ibuf_I_O)         0.855     0.855 r  inst_IBUF[14]_inst/O
                         net (fo=57, routed)          3.901     4.756    uut1/inst_IBUF[2]
    SLICE_X54Y137        LUT3 (Prop_lut3_I0_O)        0.114     4.870 r  uut1/x_in[31]_i_1/O
                         net (fo=100, routed)         2.679     7.549    uut1/x_in0
    SLICE_X23Y128        FDRE                                         r  uut1/x_in_reg[20]/CE
  -------------------------------------------------------------------    -------------------

                         (clock sys_clk rise edge)    0.000     0.000 r  
    Y11                                               0.000     0.000 r  clock (IN)
                         net (fo=0)                   0.000     0.000    clock
    Y11                  IBUF (Prop_ibuf_I_O)         0.724     0.724 r  clock_IBUF_inst/O
                         net (fo=1, routed)           1.785     2.509    clock_IBUF
    BUFGCTRL_X0Y0        BUFG (Prop_bufg_I_O)         0.072     2.581 r  clock_IBUF_BUFG_inst/O
                         net (fo=11921, routed)       1.244     3.825    uut1/clock_IBUF_BUFG
    SLICE_X23Y128        FDRE                                         r  uut1/x_in_reg[20]/C

Slack:                    inf
  Source:                 inst[14]
                            (input port)
  Destination:            uut1/x_in_reg[21]/CE
                            (rising edge-triggered cell FDRE clocked by sys_clk  {rise@0.000ns fall@5.000ns period=10.000ns})
  Path Group:             (none)
  Path Type:              Setup (Max at Slow Process Corner)
  Data Path Delay:        7.549ns  (logic 0.969ns (12.837%)  route 6.580ns (87.163%))
  Logic Levels:           2  (IBUF=1 LUT3=1)
  Clock Path Skew:        3.825ns (DCD - SCD + CPR)
    Destination Clock Delay (DCD):    3.825ns
    Source Clock Delay      (SCD):    0.000ns
    Clock Pessimism Removal (CPR):    0.000ns
  Clock Uncertainty:      0.025ns  ((TSJ^2 + TIJ^2)^1/2 + DJ) / 2 + PE
    Total System Jitter     (TSJ):    0.050ns
    Total Input Jitter      (TIJ):    0.000ns
    Discrete Jitter          (DJ):    0.000ns
    Phase Error              (PE):    0.000ns

    Location             Delay type                Incr(ns)  Path(ns)    Netlist Resource(s)
  -------------------------------------------------------------------    -------------------
    Y3                                                0.000     0.000 r  inst[14] (IN)
                         net (fo=0)                   0.000     0.000    inst[14]
    Y3                   IBUF (Prop_ibuf_I_O)         0.855     0.855 r  inst_IBUF[14]_inst/O
                         net (fo=57, routed)          3.901     4.756    uut1/inst_IBUF[2]
    SLICE_X54Y137        LUT3 (Prop_lut3_I0_O)        0.114     4.870 r  uut1/x_in[31]_i_1/O
                         net (fo=100, routed)         2.679     7.549    uut1/x_in0
    SLICE_X23Y128        FDRE                                         r  uut1/x_in_reg[21]/CE
  -------------------------------------------------------------------    -------------------

                         (clock sys_clk rise edge)    0.000     0.000 r  
    Y11                                               0.000     0.000 r  clock (IN)
                         net (fo=0)                   0.000     0.000    clock
    Y11                  IBUF (Prop_ibuf_I_O)         0.724     0.724 r  clock_IBUF_inst/O
                         net (fo=1, routed)           1.785     2.509    clock_IBUF
    BUFGCTRL_X0Y0        BUFG (Prop_bufg_I_O)         0.072     2.581 r  clock_IBUF_BUFG_inst/O
                         net (fo=11921, routed)       1.244     3.825    uut1/clock_IBUF_BUFG
    SLICE_X23Y128        FDRE                                         r  uut1/x_in_reg[21]/C

Slack:                    inf
  Source:                 inst[14]
                            (input port)
  Destination:            uut1/x_in_reg[4]/CE
                            (rising edge-triggered cell FDRE clocked by sys_clk  {rise@0.000ns fall@5.000ns period=10.000ns})
  Path Group:             (none)
  Path Type:              Setup (Max at Slow Process Corner)
  Data Path Delay:        7.549ns  (logic 0.969ns (12.837%)  route 6.580ns (87.163%))
  Logic Levels:           2  (IBUF=1 LUT3=1)
  Clock Path Skew:        3.825ns (DCD - SCD + CPR)
    Destination Clock Delay (DCD):    3.825ns
    Source Clock Delay      (SCD):    0.000ns
    Clock Pessimism Removal (CPR):    0.000ns
  Clock Uncertainty:      0.025ns  ((TSJ^2 + TIJ^2)^1/2 + DJ) / 2 + PE
    Total System Jitter     (TSJ):    0.050ns
    Total Input Jitter      (TIJ):    0.000ns
    Discrete Jitter          (DJ):    0.000ns
    Phase Error              (PE):    0.000ns

    Location             Delay type                Incr(ns)  Path(ns)    Netlist Resource(s)
  -------------------------------------------------------------------    -------------------
    Y3                                                0.000     0.000 r  inst[14] (IN)
                         net (fo=0)                   0.000     0.000    inst[14]
    Y3                   IBUF (Prop_ibuf_I_O)         0.855     0.855 r  inst_IBUF[14]_inst/O
                         net (fo=57, routed)          3.901     4.756    uut1/inst_IBUF[2]
    SLICE_X54Y137        LUT3 (Prop_lut3_I0_O)        0.114     4.870 r  uut1/x_in[31]_i_1/O
                         net (fo=100, routed)         2.679     7.549    uut1/x_in0
    SLICE_X23Y128        FDRE                                         r  uut1/x_in_reg[4]/CE
  -------------------------------------------------------------------    -------------------

                         (clock sys_clk rise edge)    0.000     0.000 r  
    Y11                                               0.000     0.000 r  clock (IN)
                         net (fo=0)                   0.000     0.000    clock
    Y11                  IBUF (Prop_ibuf_I_O)         0.724     0.724 r  clock_IBUF_inst/O
                         net (fo=1, routed)           1.785     2.509    clock_IBUF
    BUFGCTRL_X0Y0        BUFG (Prop_bufg_I_O)         0.072     2.581 r  clock_IBUF_BUFG_inst/O
                         net (fo=11921, routed)       1.244     3.825    uut1/clock_IBUF_BUFG
    SLICE_X23Y128        FDRE                                         r  uut1/x_in_reg[4]/C

Slack:                    inf
  Source:                 inst[14]
                            (input port)
  Destination:            uut1/x_in_reg[5]/CE
                            (rising edge-triggered cell FDRE clocked by sys_clk  {rise@0.000ns fall@5.000ns period=10.000ns})
  Path Group:             (none)
  Path Type:              Setup (Max at Slow Process Corner)
  Data Path Delay:        7.549ns  (logic 0.969ns (12.837%)  route 6.580ns (87.163%))
  Logic Levels:           2  (IBUF=1 LUT3=1)
  Clock Path Skew:        3.825ns (DCD - SCD + CPR)
    Destination Clock Delay (DCD):    3.825ns
    Source Clock Delay      (SCD):    0.000ns
    Clock Pessimism Removal (CPR):    0.000ns
  Clock Uncertainty:      0.025ns  ((TSJ^2 + TIJ^2)^1/2 + DJ) / 2 + PE
    Total System Jitter     (TSJ):    0.050ns
    Total Input Jitter      (TIJ):    0.000ns
    Discrete Jitter          (DJ):    0.000ns
    Phase Error              (PE):    0.000ns

    Location             Delay type                Incr(ns)  Path(ns)    Netlist Resource(s)
  -------------------------------------------------------------------    -------------------
    Y3                                                0.000     0.000 r  inst[14] (IN)
                         net (fo=0)                   0.000     0.000    inst[14]
    Y3                   IBUF (Prop_ibuf_I_O)         0.855     0.855 r  inst_IBUF[14]_inst/O
                         net (fo=57, routed)          3.901     4.756    uut1/inst_IBUF[2]
    SLICE_X54Y137        LUT3 (Prop_lut3_I0_O)        0.114     4.870 r  uut1/x_in[31]_i_1/O
                         net (fo=100, routed)         2.679     7.549    uut1/x_in0
    SLICE_X23Y128        FDRE                                         r  uut1/x_in_reg[5]/CE
  -------------------------------------------------------------------    -------------------

                         (clock sys_clk rise edge)    0.000     0.000 r  
    Y11                                               0.000     0.000 r  clock (IN)
                         net (fo=0)                   0.000     0.000    clock
    Y11                  IBUF (Prop_ibuf_I_O)         0.724     0.724 r  clock_IBUF_inst/O
                         net (fo=1, routed)           1.785     2.509    clock_IBUF
    BUFGCTRL_X0Y0        BUFG (Prop_bufg_I_O)         0.072     2.581 r  clock_IBUF_BUFG_inst/O
                         net (fo=11921, routed)       1.244     3.825    uut1/clock_IBUF_BUFG
    SLICE_X23Y128        FDRE                                         r  uut1/x_in_reg[5]/C

Slack:                    inf
  Source:                 inst[14]
                            (input port)
  Destination:            uut1/x_in_reg[8]/CE
                            (rising edge-triggered cell FDRE clocked by sys_clk  {rise@0.000ns fall@5.000ns period=10.000ns})
  Path Group:             (none)
  Path Type:              Setup (Max at Slow Process Corner)
  Data Path Delay:        7.549ns  (logic 0.969ns (12.837%)  route 6.580ns (87.163%))
  Logic Levels:           2  (IBUF=1 LUT3=1)
  Clock Path Skew:        3.825ns (DCD - SCD + CPR)
    Destination Clock Delay (DCD):    3.825ns
    Source Clock Delay      (SCD):    0.000ns
    Clock Pessimism Removal (CPR):    0.000ns
  Clock Uncertainty:      0.025ns  ((TSJ^2 + TIJ^2)^1/2 + DJ) / 2 + PE
    Total System Jitter     (TSJ):    0.050ns
    Total Input Jitter      (TIJ):    0.000ns
    Discrete Jitter          (DJ):    0.000ns
    Phase Error              (PE):    0.000ns

    Location             Delay type                Incr(ns)  Path(ns)    Netlist Resource(s)
  -------------------------------------------------------------------    -------------------
    Y3                                                0.000     0.000 r  inst[14] (IN)
                         net (fo=0)                   0.000     0.000    inst[14]
    Y3                   IBUF (Prop_ibuf_I_O)         0.855     0.855 r  inst_IBUF[14]_inst/O
                         net (fo=57, routed)          3.901     4.756    uut1/inst_IBUF[2]
    SLICE_X54Y137        LUT3 (Prop_lut3_I0_O)        0.114     4.870 r  uut1/x_in[31]_i_1/O
                         net (fo=100, routed)         2.679     7.549    uut1/x_in0
    SLICE_X23Y128        FDRE                                         r  uut1/x_in_reg[8]/CE
  -------------------------------------------------------------------    -------------------

                         (clock sys_clk rise edge)    0.000     0.000 r  
    Y11                                               0.000     0.000 r  clock (IN)
                         net (fo=0)                   0.000     0.000    clock
    Y11                  IBUF (Prop_ibuf_I_O)         0.724     0.724 r  clock_IBUF_inst/O
                         net (fo=1, routed)           1.785     2.509    clock_IBUF
    BUFGCTRL_X0Y0        BUFG (Prop_bufg_I_O)         0.072     2.581 r  clock_IBUF_BUFG_inst/O
                         net (fo=11921, routed)       1.244     3.825    uut1/clock_IBUF_BUFG
    SLICE_X23Y128        FDRE                                         r  uut1/x_in_reg[8]/C

Slack:                    inf
  Source:                 inst[14]
                            (input port)
  Destination:            uut1/x_in_reg[1]/CE
                            (rising edge-triggered cell FDRE clocked by sys_clk  {rise@0.000ns fall@5.000ns period=10.000ns})
  Path Group:             (none)
  Path Type:              Setup (Max at Slow Process Corner)
  Data Path Delay:        7.424ns  (logic 0.969ns (13.054%)  route 6.455ns (86.946%))
  Logic Levels:           2  (IBUF=1 LUT3=1)
  Clock Path Skew:        3.823ns (DCD - SCD + CPR)
    Destination Clock Delay (DCD):    3.823ns
    Source Clock Delay      (SCD):    0.000ns
    Clock Pessimism Removal (CPR):    0.000ns
  Clock Uncertainty:      0.025ns  ((TSJ^2 + TIJ^2)^1/2 + DJ) / 2 + PE
    Total System Jitter     (TSJ):    0.050ns
    Total Input Jitter      (TIJ):    0.000ns
    Discrete Jitter          (DJ):    0.000ns
    Phase Error              (PE):    0.000ns

    Location             Delay type                Incr(ns)  Path(ns)    Netlist Resource(s)
  -------------------------------------------------------------------    -------------------
    Y3                                                0.000     0.000 r  inst[14] (IN)
                         net (fo=0)                   0.000     0.000    inst[14]
    Y3                   IBUF (Prop_ibuf_I_O)         0.855     0.855 r  inst_IBUF[14]_inst/O
                         net (fo=57, routed)          3.901     4.756    uut1/inst_IBUF[2]
    SLICE_X54Y137        LUT3 (Prop_lut3_I0_O)        0.114     4.870 r  uut1/x_in[31]_i_1/O
                         net (fo=100, routed)         2.553     7.424    uut1/x_in0
    SLICE_X23Y126        FDRE                                         r  uut1/x_in_reg[1]/CE
  -------------------------------------------------------------------    -------------------

                         (clock sys_clk rise edge)    0.000     0.000 r  
    Y11                                               0.000     0.000 r  clock (IN)
                         net (fo=0)                   0.000     0.000    clock
    Y11                  IBUF (Prop_ibuf_I_O)         0.724     0.724 r  clock_IBUF_inst/O
                         net (fo=1, routed)           1.785     2.509    clock_IBUF
    BUFGCTRL_X0Y0        BUFG (Prop_bufg_I_O)         0.072     2.581 r  clock_IBUF_BUFG_inst/O
                         net (fo=11921, routed)       1.242     3.823    uut1/clock_IBUF_BUFG
    SLICE_X23Y126        FDRE                                         r  uut1/x_in_reg[1]/C

Slack:                    inf
  Source:                 inst[30]
                            (input port)
  Destination:            uut1/mem_reg[0][1]/CE
                            (rising edge-triggered cell FDRE clocked by sys_clk  {rise@0.000ns fall@5.000ns period=10.000ns})
  Path Group:             (none)
  Path Type:              Setup (Max at Slow Process Corner)
  Data Path Delay:        7.415ns  (logic 1.031ns (13.900%)  route 6.385ns (86.100%))
  Logic Levels:           3  (IBUF=1 LUT4=1 LUT6=1)
  Clock Path Skew:        3.825ns (DCD - SCD + CPR)
    Destination Clock Delay (DCD):    3.825ns
    Source Clock Delay      (SCD):    0.000ns
    Clock Pessimism Removal (CPR):    0.000ns
  Clock Uncertainty:      0.025ns  ((TSJ^2 + TIJ^2)^1/2 + DJ) / 2 + PE
    Total System Jitter     (TSJ):    0.050ns
    Total Input Jitter      (TIJ):    0.000ns
    Discrete Jitter          (DJ):    0.000ns
    Phase Error              (PE):    0.000ns

    Location             Delay type                Incr(ns)  Path(ns)    Netlist Resource(s)
  -------------------------------------------------------------------    -------------------
    T1                                                0.000     0.000 f  inst[30] (IN)
                         net (fo=0)                   0.000     0.000    inst[30]
    T1                   IBUF (Prop_ibuf_I_O)         0.837     0.837 f  inst_IBUF[30]_inst/O
                         net (fo=2, routed)           3.725     4.562    uut1/addr_OBUF[10]
    SLICE_X54Y145        LUT4 (Prop_lut4_I0_O)        0.097     4.659 r  uut1/mem[0][30]_i_3/O
                         net (fo=14, routed)          1.299     5.958    uut1/mem[0][30]_i_3_n_0
    SLICE_X46Y137        LUT6 (Prop_lut6_I0_O)        0.097     6.055 r  uut1/mem[0][30]_i_1/O
                         net (fo=32, routed)          1.360     7.415    uut1/mem[0][30]_i_1_n_0
    SLICE_X22Y128        FDRE                                         r  uut1/mem_reg[0][1]/CE
  -------------------------------------------------------------------    -------------------

                         (clock sys_clk rise edge)    0.000     0.000 r  
    Y11                                               0.000     0.000 r  clock (IN)
                         net (fo=0)                   0.000     0.000    clock
    Y11                  IBUF (Prop_ibuf_I_O)         0.724     0.724 r  clock_IBUF_inst/O
                         net (fo=1, routed)           1.785     2.509    clock_IBUF
    BUFGCTRL_X0Y0        BUFG (Prop_bufg_I_O)         0.072     2.581 r  clock_IBUF_BUFG_inst/O
                         net (fo=11921, routed)       1.244     3.825    uut1/clock_IBUF_BUFG
    SLICE_X22Y128        FDRE                                         r  uut1/mem_reg[0][1]/C

Slack:                    inf
  Source:                 inst[30]
                            (input port)
  Destination:            uut1/mem_reg[0][20]/CE
                            (rising edge-triggered cell FDRE clocked by sys_clk  {rise@0.000ns fall@5.000ns period=10.000ns})
  Path Group:             (none)
  Path Type:              Setup (Max at Slow Process Corner)
  Data Path Delay:        7.415ns  (logic 1.031ns (13.900%)  route 6.385ns (86.100%))
  Logic Levels:           3  (IBUF=1 LUT4=1 LUT6=1)
  Clock Path Skew:        3.825ns (DCD - SCD + CPR)
    Destination Clock Delay (DCD):    3.825ns
    Source Clock Delay      (SCD):    0.000ns
    Clock Pessimism Removal (CPR):    0.000ns
  Clock Uncertainty:      0.025ns  ((TSJ^2 + TIJ^2)^1/2 + DJ) / 2 + PE
    Total System Jitter     (TSJ):    0.050ns
    Total Input Jitter      (TIJ):    0.000ns
    Discrete Jitter          (DJ):    0.000ns
    Phase Error              (PE):    0.000ns

    Location             Delay type                Incr(ns)  Path(ns)    Netlist Resource(s)
  -------------------------------------------------------------------    -------------------
    T1                                                0.000     0.000 f  inst[30] (IN)
                         net (fo=0)                   0.000     0.000    inst[30]
    T1                   IBUF (Prop_ibuf_I_O)         0.837     0.837 f  inst_IBUF[30]_inst/O
                         net (fo=2, routed)           3.725     4.562    uut1/addr_OBUF[10]
    SLICE_X54Y145        LUT4 (Prop_lut4_I0_O)        0.097     4.659 r  uut1/mem[0][30]_i_3/O
                         net (fo=14, routed)          1.299     5.958    uut1/mem[0][30]_i_3_n_0
    SLICE_X46Y137        LUT6 (Prop_lut6_I0_O)        0.097     6.055 r  uut1/mem[0][30]_i_1/O
                         net (fo=32, routed)          1.360     7.415    uut1/mem[0][30]_i_1_n_0
    SLICE_X22Y128        FDRE                                         r  uut1/mem_reg[0][20]/CE
  -------------------------------------------------------------------    -------------------

                         (clock sys_clk rise edge)    0.000     0.000 r  
    Y11                                               0.000     0.000 r  clock (IN)
                         net (fo=0)                   0.000     0.000    clock
    Y11                  IBUF (Prop_ibuf_I_O)         0.724     0.724 r  clock_IBUF_inst/O
                         net (fo=1, routed)           1.785     2.509    clock_IBUF
    BUFGCTRL_X0Y0        BUFG (Prop_bufg_I_O)         0.072     2.581 r  clock_IBUF_BUFG_inst/O
                         net (fo=11921, routed)       1.244     3.825    uut1/clock_IBUF_BUFG
    SLICE_X22Y128        FDRE                                         r  uut1/mem_reg[0][20]/C

Slack:                    inf
  Source:                 inst[30]
                            (input port)
  Destination:            uut1/mem_reg[0][21]/CE
                            (rising edge-triggered cell FDRE clocked by sys_clk  {rise@0.000ns fall@5.000ns period=10.000ns})
  Path Group:             (none)
  Path Type:              Setup (Max at Slow Process Corner)
  Data Path Delay:        7.415ns  (logic 1.031ns (13.900%)  route 6.385ns (86.100%))
  Logic Levels:           3  (IBUF=1 LUT4=1 LUT6=1)
  Clock Path Skew:        3.825ns (DCD - SCD + CPR)
    Destination Clock Delay (DCD):    3.825ns
    Source Clock Delay      (SCD):    0.000ns
    Clock Pessimism Removal (CPR):    0.000ns
  Clock Uncertainty:      0.025ns  ((TSJ^2 + TIJ^2)^1/2 + DJ) / 2 + PE
    Total System Jitter     (TSJ):    0.050ns
    Total Input Jitter      (TIJ):    0.000ns
    Discrete Jitter          (DJ):    0.000ns
    Phase Error              (PE):    0.000ns

    Location             Delay type                Incr(ns)  Path(ns)    Netlist Resource(s)
  -------------------------------------------------------------------    -------------------
    T1                                                0.000     0.000 f  inst[30] (IN)
                         net (fo=0)                   0.000     0.000    inst[30]
    T1                   IBUF (Prop_ibuf_I_O)         0.837     0.837 f  inst_IBUF[30]_inst/O
                         net (fo=2, routed)           3.725     4.562    uut1/addr_OBUF[10]
    SLICE_X54Y145        LUT4 (Prop_lut4_I0_O)        0.097     4.659 r  uut1/mem[0][30]_i_3/O
                         net (fo=14, routed)          1.299     5.958    uut1/mem[0][30]_i_3_n_0
    SLICE_X46Y137        LUT6 (Prop_lut6_I0_O)        0.097     6.055 r  uut1/mem[0][30]_i_1/O
                         net (fo=32, routed)          1.360     7.415    uut1/mem[0][30]_i_1_n_0
    SLICE_X22Y128        FDRE                                         r  uut1/mem_reg[0][21]/CE
  -------------------------------------------------------------------    -------------------

                         (clock sys_clk rise edge)    0.000     0.000 r  
    Y11                                               0.000     0.000 r  clock (IN)
                         net (fo=0)                   0.000     0.000    clock
    Y11                  IBUF (Prop_ibuf_I_O)         0.724     0.724 r  clock_IBUF_inst/O
                         net (fo=1, routed)           1.785     2.509    clock_IBUF
    BUFGCTRL_X0Y0        BUFG (Prop_bufg_I_O)         0.072     2.581 r  clock_IBUF_BUFG_inst/O
                         net (fo=11921, routed)       1.244     3.825    uut1/clock_IBUF_BUFG
    SLICE_X22Y128        FDRE                                         r  uut1/mem_reg[0][21]/C





Min Delay Paths
--------------------------------------------------------------------------------------
Slack:                    inf
  Source:                 Top/RKMod1/k_block/func__xdcDup__1/fpu_mul__4/<hidden>/<hidden>/<hidden>/<hidden>/<hidden>/<hidden>/<hidden>
                            (internal pin)
  Destination:            Top/RKMod1/k_block/func__xdcDup__1/fpu_mul__4/<hidden>/<hidden>/<hidden>/<hidden>/<hidden>/<hidden>/<hidden>
                            (rising edge-triggered cell DSP48E1 clocked by sys_clk  {rise@0.000ns fall@5.000ns period=10.000ns})
  Path Group:             (none)
  Path Type:              Hold (Min at Slow Process Corner)
  Data Path Delay:        0.002ns  (logic 0.000ns (0.000%)  route 0.002ns (100.000%))
  Logic Levels:           0  
  Clock Uncertainty:      0.025ns  ((TSJ^2 + TIJ^2)^1/2 + DJ) / 2 + PE
    Total System Jitter     (TSJ):    0.050ns
    Total Input Jitter      (TIJ):    0.000ns
    Discrete Jitter          (DJ):    0.000ns
    Phase Error              (PE):    0.000ns

    Location             Delay type                Incr(ns)  Path(ns)    Netlist Resource(s)
  -------------------------------------------------------------------    -------------------
    DSP48_X2Y48          DSP48E1                      0.000     0.000 r  Top/RKMod1/k_block/func__xdcDup__1/fpu_mul__4/<hidden>/<hidden>/<hidden>/<hidden>/<hidden>/<hidden>/<hidden>
                         net (fo=1, routed)           0.002     0.002    Top/RKMod1/k_block/func__xdcDup__1/fpu_mul__4/<hidden>/<hidden>/<hidden>/<hidden>/<hidden>/<hidden>/<hidden>
    DSP48_X2Y49          DSP48E1                                      r  Top/RKMod1/k_block/func__xdcDup__1/fpu_mul__4/<hidden>/<hidden>/<hidden>/<hidden>/<hidden>/<hidden>/<hidden>
  -------------------------------------------------------------------    -------------------

                         (clock sys_clk rise edge)    0.000     0.000 r  
    Y11                                               0.000     0.000 r  clock (IN)
                         net (fo=0)                   0.000     0.000    clock
    Y11                  IBUF (Prop_ibuf_I_O)         0.855     0.855 r  clock_IBUF_inst/O
                         net (fo=1, routed)           1.883     2.739    clock_IBUF
    BUFGCTRL_X0Y0        BUFG (Prop_bufg_I_O)         0.076     2.815 r  clock_IBUF_BUFG_inst/O
                         net (fo=11921, routed)       1.338     4.153    Top/RKMod1/k_block/func__xdcDup__1/fpu_mul__4/<hidden>/<hidden>/<hidden>/<hidden>/<hidden>/<hidden>/<hidden>
    DSP48_X2Y49          DSP48E1                                      r  Top/RKMod1/k_block/func__xdcDup__1/fpu_mul__4/<hidden>/<hidden>/<hidden>/<hidden>/<hidden>/<hidden>/<hidden>

Slack:                    inf
  Source:                 Top/RKMod1/k_block/func__xdcDup__1/fpu_mul__4/<hidden>/<hidden>/<hidden>/<hidden>/<hidden>/<hidden>/<hidden>
                            (internal pin)
  Destination:            Top/RKMod1/k_block/func__xdcDup__1/fpu_mul__4/<hidden>/<hidden>/<hidden>/<hidden>/<hidden>/<hidden>/<hidden>
                            (rising edge-triggered cell DSP48E1 clocked by sys_clk  {rise@0.000ns fall@5.000ns period=10.000ns})
  Path Group:             (none)
  Path Type:              Hold (Min at Slow Process Corner)
  Data Path Delay:        0.002ns  (logic 0.000ns (0.000%)  route 0.002ns (100.000%))
  Logic Levels:           0  
  Clock Uncertainty:      0.025ns  ((TSJ^2 + TIJ^2)^1/2 + DJ) / 2 + PE
    Total System Jitter     (TSJ):    0.050ns
    Total Input Jitter      (TIJ):    0.000ns
    Discrete Jitter          (DJ):    0.000ns
    Phase Error              (PE):    0.000ns

    Location             Delay type                Incr(ns)  Path(ns)    Netlist Resource(s)
  -------------------------------------------------------------------    -------------------
    DSP48_X2Y48          DSP48E1                      0.000     0.000 r  Top/RKMod1/k_block/func__xdcDup__1/fpu_mul__4/<hidden>/<hidden>/<hidden>/<hidden>/<hidden>/<hidden>/<hidden>
                         net (fo=1, routed)           0.002     0.002    Top/RKMod1/k_block/func__xdcDup__1/fpu_mul__4/<hidden>/<hidden>/<hidden>/<hidden>/<hidden>/<hidden>/<hidden>
    DSP48_X2Y49          DSP48E1                                      r  Top/RKMod1/k_block/func__xdcDup__1/fpu_mul__4/<hidden>/<hidden>/<hidden>/<hidden>/<hidden>/<hidden>/<hidden>
  -------------------------------------------------------------------    -------------------

                         (clock sys_clk rise edge)    0.000     0.000 r  
    Y11                                               0.000     0.000 r  clock (IN)
                         net (fo=0)                   0.000     0.000    clock
    Y11                  IBUF (Prop_ibuf_I_O)         0.855     0.855 r  clock_IBUF_inst/O
                         net (fo=1, routed)           1.883     2.739    clock_IBUF
    BUFGCTRL_X0Y0        BUFG (Prop_bufg_I_O)         0.076     2.815 r  clock_IBUF_BUFG_inst/O
                         net (fo=11921, routed)       1.338     4.153    Top/RKMod1/k_block/func__xdcDup__1/fpu_mul__4/<hidden>/<hidden>/<hidden>/<hidden>/<hidden>/<hidden>/<hidden>
    DSP48_X2Y49          DSP48E1                                      r  Top/RKMod1/k_block/func__xdcDup__1/fpu_mul__4/<hidden>/<hidden>/<hidden>/<hidden>/<hidden>/<hidden>/<hidden>

Slack:                    inf
  Source:                 Top/RKMod1/k_block/func__xdcDup__1/fpu_mul__4/<hidden>/<hidden>/<hidden>/<hidden>/<hidden>/<hidden>/<hidden>
                            (internal pin)
  Destination:            Top/RKMod1/k_block/func__xdcDup__1/fpu_mul__4/<hidden>/<hidden>/<hidden>/<hidden>/<hidden>/<hidden>/<hidden>
                            (rising edge-triggered cell DSP48E1 clocked by sys_clk  {rise@0.000ns fall@5.000ns period=10.000ns})
  Path Group:             (none)
  Path Type:              Hold (Min at Slow Process Corner)
  Data Path Delay:        0.002ns  (logic 0.000ns (0.000%)  route 0.002ns (100.000%))
  Logic Levels:           0  
  Clock Uncertainty:      0.025ns  ((TSJ^2 + TIJ^2)^1/2 + DJ) / 2 + PE
    Total System Jitter     (TSJ):    0.050ns
    Total Input Jitter      (TIJ):    0.000ns
    Discrete Jitter          (DJ):    0.000ns
    Phase Error              (PE):    0.000ns

    Location             Delay type                Incr(ns)  Path(ns)    Netlist Resource(s)
  -------------------------------------------------------------------    -------------------
    DSP48_X2Y48          DSP48E1                      0.000     0.000 r  Top/RKMod1/k_block/func__xdcDup__1/fpu_mul__4/<hidden>/<hidden>/<hidden>/<hidden>/<hidden>/<hidden>/<hidden>
                         net (fo=1, routed)           0.002     0.002    Top/RKMod1/k_block/func__xdcDup__1/fpu_mul__4/<hidden>/<hidden>/<hidden>/<hidden>/<hidden>/<hidden>/<hidden>
    DSP48_X2Y49          DSP48E1                                      r  Top/RKMod1/k_block/func__xdcDup__1/fpu_mul__4/<hidden>/<hidden>/<hidden>/<hidden>/<hidden>/<hidden>/<hidden>
  -------------------------------------------------------------------    -------------------

                         (clock sys_clk rise edge)    0.000     0.000 r  
    Y11                                               0.000     0.000 r  clock (IN)
                         net (fo=0)                   0.000     0.000    clock
    Y11                  IBUF (Prop_ibuf_I_O)         0.855     0.855 r  clock_IBUF_inst/O
                         net (fo=1, routed)           1.883     2.739    clock_IBUF
    BUFGCTRL_X0Y0        BUFG (Prop_bufg_I_O)         0.076     2.815 r  clock_IBUF_BUFG_inst/O
                         net (fo=11921, routed)       1.338     4.153    Top/RKMod1/k_block/func__xdcDup__1/fpu_mul__4/<hidden>/<hidden>/<hidden>/<hidden>/<hidden>/<hidden>/<hidden>
    DSP48_X2Y49          DSP48E1                                      r  Top/RKMod1/k_block/func__xdcDup__1/fpu_mul__4/<hidden>/<hidden>/<hidden>/<hidden>/<hidden>/<hidden>/<hidden>

Slack:                    inf
  Source:                 Top/RKMod1/k_block/func__xdcDup__1/fpu_mul__4/<hidden>/<hidden>/<hidden>/<hidden>/<hidden>/<hidden>/<hidden>
                            (internal pin)
  Destination:            Top/RKMod1/k_block/func__xdcDup__1/fpu_mul__4/<hidden>/<hidden>/<hidden>/<hidden>/<hidden>/<hidden>/<hidden>
                            (rising edge-triggered cell DSP48E1 clocked by sys_clk  {rise@0.000ns fall@5.000ns period=10.000ns})
  Path Group:             (none)
  Path Type:              Hold (Min at Slow Process Corner)
  Data Path Delay:        0.002ns  (logic 0.000ns (0.000%)  route 0.002ns (100.000%))
  Logic Levels:           0  
  Clock Uncertainty:      0.025ns  ((TSJ^2 + TIJ^2)^1/2 + DJ) / 2 + PE
    Total System Jitter     (TSJ):    0.050ns
    Total Input Jitter      (TIJ):    0.000ns
    Discrete Jitter          (DJ):    0.000ns
    Phase Error              (PE):    0.000ns

    Location             Delay type                Incr(ns)  Path(ns)    Netlist Resource(s)
  -------------------------------------------------------------------    -------------------
    DSP48_X2Y48          DSP48E1                      0.000     0.000 r  Top/RKMod1/k_block/func__xdcDup__1/fpu_mul__4/<hidden>/<hidden>/<hidden>/<hidden>/<hidden>/<hidden>/<hidden>
                         net (fo=1, routed)           0.002     0.002    Top/RKMod1/k_block/func__xdcDup__1/fpu_mul__4/<hidden>/<hidden>/<hidden>/<hidden>/<hidden>/<hidden>/<hidden>
    DSP48_X2Y49          DSP48E1                                      r  Top/RKMod1/k_block/func__xdcDup__1/fpu_mul__4/<hidden>/<hidden>/<hidden>/<hidden>/<hidden>/<hidden>/<hidden>
  -------------------------------------------------------------------    -------------------

                         (clock sys_clk rise edge)    0.000     0.000 r  
    Y11                                               0.000     0.000 r  clock (IN)
                         net (fo=0)                   0.000     0.000    clock
    Y11                  IBUF (Prop_ibuf_I_O)         0.855     0.855 r  clock_IBUF_inst/O
                         net (fo=1, routed)           1.883     2.739    clock_IBUF
    BUFGCTRL_X0Y0        BUFG (Prop_bufg_I_O)         0.076     2.815 r  clock_IBUF_BUFG_inst/O
                         net (fo=11921, routed)       1.338     4.153    Top/RKMod1/k_block/func__xdcDup__1/fpu_mul__4/<hidden>/<hidden>/<hidden>/<hidden>/<hidden>/<hidden>/<hidden>
    DSP48_X2Y49          DSP48E1                                      r  Top/RKMod1/k_block/func__xdcDup__1/fpu_mul__4/<hidden>/<hidden>/<hidden>/<hidden>/<hidden>/<hidden>/<hidden>

Slack:                    inf
  Source:                 Top/RKMod1/k_block/func__xdcDup__1/fpu_mul__4/<hidden>/<hidden>/<hidden>/<hidden>/<hidden>/<hidden>/<hidden>
                            (internal pin)
  Destination:            Top/RKMod1/k_block/func__xdcDup__1/fpu_mul__4/<hidden>/<hidden>/<hidden>/<hidden>/<hidden>/<hidden>/<hidden>
                            (rising edge-triggered cell DSP48E1 clocked by sys_clk  {rise@0.000ns fall@5.000ns period=10.000ns})
  Path Group:             (none)
  Path Type:              Hold (Min at Slow Process Corner)
  Data Path Delay:        0.002ns  (logic 0.000ns (0.000%)  route 0.002ns (100.000%))
  Logic Levels:           0  
  Clock Uncertainty:      0.025ns  ((TSJ^2 + TIJ^2)^1/2 + DJ) / 2 + PE
    Total System Jitter     (TSJ):    0.050ns
    Total Input Jitter      (TIJ):    0.000ns
    Discrete Jitter          (DJ):    0.000ns
    Phase Error              (PE):    0.000ns

    Location             Delay type                Incr(ns)  Path(ns)    Netlist Resource(s)
  -------------------------------------------------------------------    -------------------
    DSP48_X2Y48          DSP48E1                      0.000     0.000 r  Top/RKMod1/k_block/func__xdcDup__1/fpu_mul__4/<hidden>/<hidden>/<hidden>/<hidden>/<hidden>/<hidden>/<hidden>
                         net (fo=1, routed)           0.002     0.002    Top/RKMod1/k_block/func__xdcDup__1/fpu_mul__4/<hidden>/<hidden>/<hidden>/<hidden>/<hidden>/<hidden>/<hidden>
    DSP48_X2Y49          DSP48E1                                      r  Top/RKMod1/k_block/func__xdcDup__1/fpu_mul__4/<hidden>/<hidden>/<hidden>/<hidden>/<hidden>/<hidden>/<hidden>
  -------------------------------------------------------------------    -------------------

                         (clock sys_clk rise edge)    0.000     0.000 r  
    Y11                                               0.000     0.000 r  clock (IN)
                         net (fo=0)                   0.000     0.000    clock
    Y11                  IBUF (Prop_ibuf_I_O)         0.855     0.855 r  clock_IBUF_inst/O
                         net (fo=1, routed)           1.883     2.739    clock_IBUF
    BUFGCTRL_X0Y0        BUFG (Prop_bufg_I_O)         0.076     2.815 r  clock_IBUF_BUFG_inst/O
                         net (fo=11921, routed)       1.338     4.153    Top/RKMod1/k_block/func__xdcDup__1/fpu_mul__4/<hidden>/<hidden>/<hidden>/<hidden>/<hidden>/<hidden>/<hidden>
    DSP48_X2Y49          DSP48E1                                      r  Top/RKMod1/k_block/func__xdcDup__1/fpu_mul__4/<hidden>/<hidden>/<hidden>/<hidden>/<hidden>/<hidden>/<hidden>

Slack:                    inf
  Source:                 Top/RKMod1/k_block/func__xdcDup__1/fpu_mul__4/<hidden>/<hidden>/<hidden>/<hidden>/<hidden>/<hidden>/<hidden>
                            (internal pin)
  Destination:            Top/RKMod1/k_block/func__xdcDup__1/fpu_mul__4/<hidden>/<hidden>/<hidden>/<hidden>/<hidden>/<hidden>/<hidden>
                            (rising edge-triggered cell DSP48E1 clocked by sys_clk  {rise@0.000ns fall@5.000ns period=10.000ns})
  Path Group:             (none)
  Path Type:              Hold (Min at Slow Process Corner)
  Data Path Delay:        0.002ns  (logic 0.000ns (0.000%)  route 0.002ns (100.000%))
  Logic Levels:           0  
  Clock Uncertainty:      0.025ns  ((TSJ^2 + TIJ^2)^1/2 + DJ) / 2 + PE
    Total System Jitter     (TSJ):    0.050ns
    Total Input Jitter      (TIJ):    0.000ns
    Discrete Jitter          (DJ):    0.000ns
    Phase Error              (PE):    0.000ns

    Location             Delay type                Incr(ns)  Path(ns)    Netlist Resource(s)
  -------------------------------------------------------------------    -------------------
    DSP48_X2Y48          DSP48E1                      0.000     0.000 r  Top/RKMod1/k_block/func__xdcDup__1/fpu_mul__4/<hidden>/<hidden>/<hidden>/<hidden>/<hidden>/<hidden>/<hidden>
                         net (fo=1, routed)           0.002     0.002    Top/RKMod1/k_block/func__xdcDup__1/fpu_mul__4/<hidden>/<hidden>/<hidden>/<hidden>/<hidden>/<hidden>/<hidden>
    DSP48_X2Y49          DSP48E1                                      r  Top/RKMod1/k_block/func__xdcDup__1/fpu_mul__4/<hidden>/<hidden>/<hidden>/<hidden>/<hidden>/<hidden>/<hidden>
  -------------------------------------------------------------------    -------------------

                         (clock sys_clk rise edge)    0.000     0.000 r  
    Y11                                               0.000     0.000 r  clock (IN)
                         net (fo=0)                   0.000     0.000    clock
    Y11                  IBUF (Prop_ibuf_I_O)         0.855     0.855 r  clock_IBUF_inst/O
                         net (fo=1, routed)           1.883     2.739    clock_IBUF
    BUFGCTRL_X0Y0        BUFG (Prop_bufg_I_O)         0.076     2.815 r  clock_IBUF_BUFG_inst/O
                         net (fo=11921, routed)       1.338     4.153    Top/RKMod1/k_block/func__xdcDup__1/fpu_mul__4/<hidden>/<hidden>/<hidden>/<hidden>/<hidden>/<hidden>/<hidden>
    DSP48_X2Y49          DSP48E1                                      r  Top/RKMod1/k_block/func__xdcDup__1/fpu_mul__4/<hidden>/<hidden>/<hidden>/<hidden>/<hidden>/<hidden>/<hidden>

Slack:                    inf
  Source:                 Top/RKMod1/k_block/func__xdcDup__1/fpu_mul__4/<hidden>/<hidden>/<hidden>/<hidden>/<hidden>/<hidden>/<hidden>
                            (internal pin)
  Destination:            Top/RKMod1/k_block/func__xdcDup__1/fpu_mul__4/<hidden>/<hidden>/<hidden>/<hidden>/<hidden>/<hidden>/<hidden>
                            (rising edge-triggered cell DSP48E1 clocked by sys_clk  {rise@0.000ns fall@5.000ns period=10.000ns})
  Path Group:             (none)
  Path Type:              Hold (Min at Slow Process Corner)
  Data Path Delay:        0.002ns  (logic 0.000ns (0.000%)  route 0.002ns (100.000%))
  Logic Levels:           0  
  Clock Uncertainty:      0.025ns  ((TSJ^2 + TIJ^2)^1/2 + DJ) / 2 + PE
    Total System Jitter     (TSJ):    0.050ns
    Total Input Jitter      (TIJ):    0.000ns
    Discrete Jitter          (DJ):    0.000ns
    Phase Error              (PE):    0.000ns

    Location             Delay type                Incr(ns)  Path(ns)    Netlist Resource(s)
  -------------------------------------------------------------------    -------------------
    DSP48_X2Y48          DSP48E1                      0.000     0.000 r  Top/RKMod1/k_block/func__xdcDup__1/fpu_mul__4/<hidden>/<hidden>/<hidden>/<hidden>/<hidden>/<hidden>/<hidden>
                         net (fo=1, routed)           0.002     0.002    Top/RKMod1/k_block/func__xdcDup__1/fpu_mul__4/<hidden>/<hidden>/<hidden>/<hidden>/<hidden>/<hidden>/<hidden>
    DSP48_X2Y49          DSP48E1                                      r  Top/RKMod1/k_block/func__xdcDup__1/fpu_mul__4/<hidden>/<hidden>/<hidden>/<hidden>/<hidden>/<hidden>/<hidden>
  -------------------------------------------------------------------    -------------------

                         (clock sys_clk rise edge)    0.000     0.000 r  
    Y11                                               0.000     0.000 r  clock (IN)
                         net (fo=0)                   0.000     0.000    clock
    Y11                  IBUF (Prop_ibuf_I_O)         0.855     0.855 r  clock_IBUF_inst/O
                         net (fo=1, routed)           1.883     2.739    clock_IBUF
    BUFGCTRL_X0Y0        BUFG (Prop_bufg_I_O)         0.076     2.815 r  clock_IBUF_BUFG_inst/O
                         net (fo=11921, routed)       1.338     4.153    Top/RKMod1/k_block/func__xdcDup__1/fpu_mul__4/<hidden>/<hidden>/<hidden>/<hidden>/<hidden>/<hidden>/<hidden>
    DSP48_X2Y49          DSP48E1                                      r  Top/RKMod1/k_block/func__xdcDup__1/fpu_mul__4/<hidden>/<hidden>/<hidden>/<hidden>/<hidden>/<hidden>/<hidden>

Slack:                    inf
  Source:                 Top/RKMod1/k_block/func__xdcDup__1/fpu_mul__4/<hidden>/<hidden>/<hidden>/<hidden>/<hidden>/<hidden>/<hidden>
                            (internal pin)
  Destination:            Top/RKMod1/k_block/func__xdcDup__1/fpu_mul__4/<hidden>/<hidden>/<hidden>/<hidden>/<hidden>/<hidden>/<hidden>
                            (rising edge-triggered cell DSP48E1 clocked by sys_clk  {rise@0.000ns fall@5.000ns period=10.000ns})
  Path Group:             (none)
  Path Type:              Hold (Min at Slow Process Corner)
  Data Path Delay:        0.002ns  (logic 0.000ns (0.000%)  route 0.002ns (100.000%))
  Logic Levels:           0  
  Clock Uncertainty:      0.025ns  ((TSJ^2 + TIJ^2)^1/2 + DJ) / 2 + PE
    Total System Jitter     (TSJ):    0.050ns
    Total Input Jitter      (TIJ):    0.000ns
    Discrete Jitter          (DJ):    0.000ns
    Phase Error              (PE):    0.000ns

    Location             Delay type                Incr(ns)  Path(ns)    Netlist Resource(s)
  -------------------------------------------------------------------    -------------------
    DSP48_X2Y48          DSP48E1                      0.000     0.000 r  Top/RKMod1/k_block/func__xdcDup__1/fpu_mul__4/<hidden>/<hidden>/<hidden>/<hidden>/<hidden>/<hidden>/<hidden>
                         net (fo=1, routed)           0.002     0.002    Top/RKMod1/k_block/func__xdcDup__1/fpu_mul__4/<hidden>/<hidden>/<hidden>/<hidden>/<hidden>/<hidden>/<hidden>
    DSP48_X2Y49          DSP48E1                                      r  Top/RKMod1/k_block/func__xdcDup__1/fpu_mul__4/<hidden>/<hidden>/<hidden>/<hidden>/<hidden>/<hidden>/<hidden>
  -------------------------------------------------------------------    -------------------

                         (clock sys_clk rise edge)    0.000     0.000 r  
    Y11                                               0.000     0.000 r  clock (IN)
                         net (fo=0)                   0.000     0.000    clock
    Y11                  IBUF (Prop_ibuf_I_O)         0.855     0.855 r  clock_IBUF_inst/O
                         net (fo=1, routed)           1.883     2.739    clock_IBUF
    BUFGCTRL_X0Y0        BUFG (Prop_bufg_I_O)         0.076     2.815 r  clock_IBUF_BUFG_inst/O
                         net (fo=11921, routed)       1.338     4.153    Top/RKMod1/k_block/func__xdcDup__1/fpu_mul__4/<hidden>/<hidden>/<hidden>/<hidden>/<hidden>/<hidden>/<hidden>
    DSP48_X2Y49          DSP48E1                                      r  Top/RKMod1/k_block/func__xdcDup__1/fpu_mul__4/<hidden>/<hidden>/<hidden>/<hidden>/<hidden>/<hidden>/<hidden>

Slack:                    inf
  Source:                 Top/RKMod1/k_block/func__xdcDup__1/fpu_mul__4/<hidden>/<hidden>/<hidden>/<hidden>/<hidden>/<hidden>/<hidden>
                            (internal pin)
  Destination:            Top/RKMod1/k_block/func__xdcDup__1/fpu_mul__4/<hidden>/<hidden>/<hidden>/<hidden>/<hidden>/<hidden>/<hidden>
                            (rising edge-triggered cell DSP48E1 clocked by sys_clk  {rise@0.000ns fall@5.000ns period=10.000ns})
  Path Group:             (none)
  Path Type:              Hold (Min at Slow Process Corner)
  Data Path Delay:        0.002ns  (logic 0.000ns (0.000%)  route 0.002ns (100.000%))
  Logic Levels:           0  
  Clock Uncertainty:      0.025ns  ((TSJ^2 + TIJ^2)^1/2 + DJ) / 2 + PE
    Total System Jitter     (TSJ):    0.050ns
    Total Input Jitter      (TIJ):    0.000ns
    Discrete Jitter          (DJ):    0.000ns
    Phase Error              (PE):    0.000ns

    Location             Delay type                Incr(ns)  Path(ns)    Netlist Resource(s)
  -------------------------------------------------------------------    -------------------
    DSP48_X2Y48          DSP48E1                      0.000     0.000 r  Top/RKMod1/k_block/func__xdcDup__1/fpu_mul__4/<hidden>/<hidden>/<hidden>/<hidden>/<hidden>/<hidden>/<hidden>
                         net (fo=1, routed)           0.002     0.002    Top/RKMod1/k_block/func__xdcDup__1/fpu_mul__4/<hidden>/<hidden>/<hidden>/<hidden>/<hidden>/<hidden>/<hidden>
    DSP48_X2Y49          DSP48E1                                      r  Top/RKMod1/k_block/func__xdcDup__1/fpu_mul__4/<hidden>/<hidden>/<hidden>/<hidden>/<hidden>/<hidden>/<hidden>
  -------------------------------------------------------------------    -------------------

                         (clock sys_clk rise edge)    0.000     0.000 r  
    Y11                                               0.000     0.000 r  clock (IN)
                         net (fo=0)                   0.000     0.000    clock
    Y11                  IBUF (Prop_ibuf_I_O)         0.855     0.855 r  clock_IBUF_inst/O
                         net (fo=1, routed)           1.883     2.739    clock_IBUF
    BUFGCTRL_X0Y0        BUFG (Prop_bufg_I_O)         0.076     2.815 r  clock_IBUF_BUFG_inst/O
                         net (fo=11921, routed)       1.338     4.153    Top/RKMod1/k_block/func__xdcDup__1/fpu_mul__4/<hidden>/<hidden>/<hidden>/<hidden>/<hidden>/<hidden>/<hidden>
    DSP48_X2Y49          DSP48E1                                      r  Top/RKMod1/k_block/func__xdcDup__1/fpu_mul__4/<hidden>/<hidden>/<hidden>/<hidden>/<hidden>/<hidden>/<hidden>

Slack:                    inf
  Source:                 Top/RKMod1/k_block/func__xdcDup__1/fpu_mul__4/<hidden>/<hidden>/<hidden>/<hidden>/<hidden>/<hidden>/<hidden>
                            (internal pin)
  Destination:            Top/RKMod1/k_block/func__xdcDup__1/fpu_mul__4/<hidden>/<hidden>/<hidden>/<hidden>/<hidden>/<hidden>/<hidden>
                            (rising edge-triggered cell DSP48E1 clocked by sys_clk  {rise@0.000ns fall@5.000ns period=10.000ns})
  Path Group:             (none)
  Path Type:              Hold (Min at Slow Process Corner)
  Data Path Delay:        0.002ns  (logic 0.000ns (0.000%)  route 0.002ns (100.000%))
  Logic Levels:           0  
  Clock Uncertainty:      0.025ns  ((TSJ^2 + TIJ^2)^1/2 + DJ) / 2 + PE
    Total System Jitter     (TSJ):    0.050ns
    Total Input Jitter      (TIJ):    0.000ns
    Discrete Jitter          (DJ):    0.000ns
    Phase Error              (PE):    0.000ns

    Location             Delay type                Incr(ns)  Path(ns)    Netlist Resource(s)
  -------------------------------------------------------------------    -------------------
    DSP48_X2Y48          DSP48E1                      0.000     0.000 r  Top/RKMod1/k_block/func__xdcDup__1/fpu_mul__4/<hidden>/<hidden>/<hidden>/<hidden>/<hidden>/<hidden>/<hidden>
                         net (fo=1, routed)           0.002     0.002    Top/RKMod1/k_block/func__xdcDup__1/fpu_mul__4/<hidden>/<hidden>/<hidden>/<hidden>/<hidden>/<hidden>/<hidden>
    DSP48_X2Y49          DSP48E1                                      r  Top/RKMod1/k_block/func__xdcDup__1/fpu_mul__4/<hidden>/<hidden>/<hidden>/<hidden>/<hidden>/<hidden>/<hidden>
  -------------------------------------------------------------------    -------------------

                         (clock sys_clk rise edge)    0.000     0.000 r  
    Y11                                               0.000     0.000 r  clock (IN)
                         net (fo=0)                   0.000     0.000    clock
    Y11                  IBUF (Prop_ibuf_I_O)         0.855     0.855 r  clock_IBUF_inst/O
                         net (fo=1, routed)           1.883     2.739    clock_IBUF
    BUFGCTRL_X0Y0        BUFG (Prop_bufg_I_O)         0.076     2.815 r  clock_IBUF_BUFG_inst/O
                         net (fo=11921, routed)       1.338     4.153    Top/RKMod1/k_block/func__xdcDup__1/fpu_mul__4/<hidden>/<hidden>/<hidden>/<hidden>/<hidden>/<hidden>/<hidden>
    DSP48_X2Y49          DSP48E1                                      r  Top/RKMod1/k_block/func__xdcDup__1/fpu_mul__4/<hidden>/<hidden>/<hidden>/<hidden>/<hidden>/<hidden>/<hidden>





